split,video_name,videopath,num_frames,total_targets,video_category,classes_present_ids,classes_present_names
train,A03_049b1681-25bf-3446-89a2-388eab5508c8,A03_049b1681-25bf-3446-89a2-388eab5508c8,10,0,background,,
train,A03_0c091fe1-91ac-3995-a0da-52d3598202b8,A03_0c091fe1-91ac-3995-a0da-52d3598202b8,10,0,background,,
train,A03_21790887-9526-3bab-bd48-7b63d1352f5b,A03_21790887-9526-3bab-bd48-7b63d1352f5b,10,0,background,,
train,A03_4fd28eae-7caa-31b5-b13d-d83218ed08a3,A03_4fd28eae-7caa-31b5-b13d-d83218ed08a3,10,0,background,,
train,A03_21853717-f85b-369b-b58f-26b9837234f2,A03_21853717-f85b-369b-b58f-26b9837234f2,10,0,background,,
train,A03_3e1f3746-b2e3-3c56-876b-d6bf569e58fc,A03_3e1f3746-b2e3-3c56-876b-d6bf569e58fc,10,0,background,,
train,A03_491a3c44-607f-399c-b2e3-a83708f5b017,A03_491a3c44-607f-399c-b2e3-a83708f5b017,10,0,background,,
train,A03_47c78976-2343-3880-a352-23370da33819,A03_47c78976-2343-3880-a352-23370da33819,10,8,target,6,Unknown
train,A03_502e8c17-31a9-3760-a3ee-bcca51878aa8,A03_502e8c17-31a9-3760-a3ee-bcca51878aa8,10,0,background,,
train,A03_060286e7-d77c-308c-8593-0a1386f0b798,A03_060286e7-d77c-308c-8593-0a1386f0b798,10,0,background,,
train,A03_08b7930c-3300-300f-be71-91e8f3053460,A03_08b7930c-3300-300f-be71-91e8f3053460,10,0,background,,
train,A03_3806f576-89e5-3c09-b0cf-5b820f8154ad,A03_3806f576-89e5-3c09-b0cf-5b820f8154ad,10,0,background,,
train,A03_3a9486e8-52f8-367a-9076-6f55b21c8ac8,A03_3a9486e8-52f8-367a-9076-6f55b21c8ac8,10,0,background,,
train,A03_3492f923-a11c-3421-ab42-ee7c7bdea62a,A03_3492f923-a11c-3421-ab42-ee7c7bdea62a,10,0,background,,
train,A03_2702e62b-f4a2-31db-a80e-05dc8b093002,A03_2702e62b-f4a2-31db-a80e-05dc8b093002,10,0,background,,
train,A03_0ec64402-eff1-39a0-bcbd-1f3b383e00dc,A03_0ec64402-eff1-39a0-bcbd-1f3b383e00dc,10,0,background,,
train,A03_52e39649-a7a4-3ee5-9904-42c1662bdfb4,A03_52e39649-a7a4-3ee5-9904-42c1662bdfb4,10,0,background,,
train,A03_1858d8e0-764b-3f19-84dc-42f4e9b629dd,A03_1858d8e0-764b-3f19-84dc-42f4e9b629dd,10,0,background,,
train,A03_0305ef8d-2a7c-3c0d-abfb-b5e7307d3830,A03_0305ef8d-2a7c-3c0d-abfb-b5e7307d3830,10,0,background,,
train,A03_24192b80-01d3-3752-8691-48c1f612d1df,A03_24192b80-01d3-3752-8691-48c1f612d1df,10,0,background,,
train,A03_3d7c26f4-445d-356b-b151-0cdc6d69287e,A03_3d7c26f4-445d-356b-b151-0cdc6d69287e,10,0,background,,
train,A03_07a31db5-6e39-3235-9ba5-e0aa16c0766c,A03_07a31db5-6e39-3235-9ba5-e0aa16c0766c,32,14,target,1,Bird
train,A03_346fe424-37f9-3ef8-aed8-b90b1947946f,A03_346fe424-37f9-3ef8-aed8-b90b1947946f,22,12,target,6,Unknown
train,A03_1daaff81-400b-3fe3-a3a1-8098c5f7b7b4,A03_1daaff81-400b-3fe3-a3a1-8098c5f7b7b4,10,0,background,,
train,A03_2a04e066-9427-31dd-b2cb-f65914379b60,A03_2a04e066-9427-31dd-b2cb-f65914379b60,10,0,background,,
train,A03_2df31a31-3723-3fdf-a96c-3bfa9ad4eadf,A03_2df31a31-3723-3fdf-a96c-3bfa9ad4eadf,10,0,background,,
train,A03_00e6b51b-b5d9-3866-9946-b7db3fcfc825,A03_00e6b51b-b5d9-3866-9946-b7db3fcfc825,10,0,background,,
train,A03_4828f9d2-5432-3a55-949c-0c39922c48a8,A03_4828f9d2-5432-3a55-949c-0c39922c48a8,10,0,background,,
train,A03_3c37cfe4-708f-3103-bfa5-88241e66ca5c,A03_3c37cfe4-708f-3103-bfa5-88241e66ca5c,10,0,background,,
train,A03_35a8f1d4-b9b6-3295-bbbe-20abaeb3a491,A03_35a8f1d4-b9b6-3295-bbbe-20abaeb3a491,10,0,background,,
train,A03_43b79880-7e23-397a-acde-0c29ee5604dc,A03_43b79880-7e23-397a-acde-0c29ee5604dc,10,0,background,,
train,A03_05efd709-69f9-308a-a85d-e81fd78ec8e9,A03_05efd709-69f9-308a-a85d-e81fd78ec8e9,10,0,background,,
train,A03_19760629-1c60-3c00-8b30-b0c5c0dd0ca1,A03_19760629-1c60-3c00-8b30-b0c5c0dd0ca1,10,0,background,,
train,A03_2c9af1bf-f457-3e2c-a5a6-0ab6b1f14f7f,A03_2c9af1bf-f457-3e2c-a5a6-0ab6b1f14f7f,10,0,background,,
train,A03_1c034155-28a8-376a-8736-54fbb73d78b3,A03_1c034155-28a8-376a-8736-54fbb73d78b3,10,0,background,,
train,A03_0c969ee9-6e20-3482-bfdd-a7b474bcef60,A03_0c969ee9-6e20-3482-bfdd-a7b474bcef60,10,0,background,,
train,A03_14af522c-9025-3c82-8cc4-6444dc40659a,A03_14af522c-9025-3c82-8cc4-6444dc40659a,10,0,background,,
train,A03_4aef1830-b376-3604-a752-dfb69463b909,A03_4aef1830-b376-3604-a752-dfb69463b909,10,0,background,,
train,A03_24772e42-5ba4-39a5-ac12-9e8e4311e48a,A03_24772e42-5ba4-39a5-ac12-9e8e4311e48a,10,0,background,,
train,A03_2f3eb638-5e16-3c21-9054-785e0f1fd740,A03_2f3eb638-5e16-3c21-9054-785e0f1fd740,15,6,target,4,Plane
train,A03_42752009-d9df-35ce-a882-c37f901ca001,A03_42752009-d9df-35ce-a882-c37f901ca001,10,0,background,,
train,A03_2d0a5d36-885c-3dcb-a6bc-296fc9fc93e9,A03_2d0a5d36-885c-3dcb-a6bc-296fc9fc93e9,10,0,background,,
train,A03_1e0abdaf-5587-3217-a7f9-d2bd916a1237,A03_1e0abdaf-5587-3217-a7f9-d2bd916a1237,10,0,background,,
train,A03_09e149fe-f181-3f92-a297-15d46751ebd0,A03_09e149fe-f181-3f92-a297-15d46751ebd0,10,0,background,,
train,A03_3cce92b7-4756-39fc-880f-811b19ac2219,A03_3cce92b7-4756-39fc-880f-811b19ac2219,10,0,background,,
train,A03_50bb5c98-8106-3345-adcd-4ffed65d93e8,A03_50bb5c98-8106-3345-adcd-4ffed65d93e8,10,0,background,,
train,A03_1c0d522e-7882-3a34-8e01-faee4561f021,A03_1c0d522e-7882-3a34-8e01-faee4561f021,10,0,background,,
train,A03_168863be-3c38-3288-b830-4b58ca4d38f6,A03_168863be-3c38-3288-b830-4b58ca4d38f6,10,0,background,,
train,A03_118390f1-d08a-3d5e-bb84-1fb905016ebd,A03_118390f1-d08a-3d5e-bb84-1fb905016ebd,10,0,background,,
train,A03_1405581c-cbf6-3dc5-bf97-892149d70a72,A03_1405581c-cbf6-3dc5-bf97-892149d70a72,10,0,background,,
train,A03_5407b125-eb6c-367e-8e71-dac2d6084a36,A03_5407b125-eb6c-367e-8e71-dac2d6084a36,10,0,background,,
train,A03_169da744-07ce-3906-995b-2eb5612991e4,A03_169da744-07ce-3906-995b-2eb5612991e4,10,0,background,,
train,A03_25aba44d-0185-3524-bc77-c7fa4d770610,A03_25aba44d-0185-3524-bc77-c7fa4d770610,10,0,background,,
train,A03_049c10b5-e591-3340-a371-1f450a6df141,A03_049c10b5-e591-3340-a371-1f450a6df141,14,3,target,1,Bird
train,A03_041f16ed-52a5-3a3c-b259-96f88116ff1f,A03_041f16ed-52a5-3a3c-b259-96f88116ff1f,10,0,background,,
train,A03_5404b9a3-21ef-3a78-a992-ab81a8085a0b,A03_5404b9a3-21ef-3a78-a992-ab81a8085a0b,10,0,background,,
train,A03_4d576b13-b80f-3c40-89b5-8921fc9b7ed0,A03_4d576b13-b80f-3c40-89b5-8921fc9b7ed0,10,0,background,,
train,A03_0fea0eab-0042-3c6e-825d-75fffc2b5aa2,A03_0fea0eab-0042-3c6e-825d-75fffc2b5aa2,10,0,background,,
train,A03_41e464ab-d8e8-3e9e-ad46-dd2d6019d5e5,A03_41e464ab-d8e8-3e9e-ad46-dd2d6019d5e5,10,0,background,,
train,A03_163837e4-5d90-377b-9850-59a4256bf0f4,A03_163837e4-5d90-377b-9850-59a4256bf0f4,10,0,background,,
train,A03_1abc9995-bfa2-39e2-9a48-f00ce68d68fd,A03_1abc9995-bfa2-39e2-9a48-f00ce68d68fd,10,0,background,,
train,A03_01117c75-7e3b-3234-b12e-854b14acd5ca,A03_01117c75-7e3b-3234-b12e-854b14acd5ca,10,0,background,,
train,A03_4e3907db-078c-3266-a0ed-12de91d37263,A03_4e3907db-078c-3266-a0ed-12de91d37263,10,0,background,,
train,A03_20635b11-bbb5-3e8f-8ffa-88838b9891c2,A03_20635b11-bbb5-3e8f-8ffa-88838b9891c2,10,0,background,,
train,A03_2aeac5fb-de48-3529-aa20-e58c32fc34af,A03_2aeac5fb-de48-3529-aa20-e58c32fc34af,10,0,background,,
train,A03_5111e10f-7890-382e-8243-0b17eff483cc,A03_5111e10f-7890-382e-8243-0b17eff483cc,10,0,background,,
train,A03_1f899424-9dba-320d-b429-96608f4eb506,A03_1f899424-9dba-320d-b429-96608f4eb506,10,0,background,,
train,A03_06cc0322-b7e7-3bff-92a9-a43689361464,A03_06cc0322-b7e7-3bff-92a9-a43689361464,10,0,background,,
train,A03_165f4324-2759-3984-ba45-3e6c7a424236,A03_165f4324-2759-3984-ba45-3e6c7a424236,10,0,background,,
train,A03_43b31613-f58f-3d22-bb43-c2e3695d8e36,A03_43b31613-f58f-3d22-bb43-c2e3695d8e36,10,0,background,,
train,A03_3b7ee76a-bbef-31e2-a286-50e20b921bd6,A03_3b7ee76a-bbef-31e2-a286-50e20b921bd6,10,0,background,,
train,A03_1d960a83-164e-3bbb-a6f3-bb8a0947993a,A03_1d960a83-164e-3bbb-a6f3-bb8a0947993a,10,0,background,,
train,A03_035b2e7b-f3e1-33dd-8cc3-b51e11393d63,A03_035b2e7b-f3e1-33dd-8cc3-b51e11393d63,10,0,background,,
train,A03_3daad68a-9bce-3502-9fd9-a2a693fcfd47,A03_3daad68a-9bce-3502-9fd9-a2a693fcfd47,10,0,background,,
train,A03_4c68fc40-5c12-39e6-905f-491e3ed913e9,A03_4c68fc40-5c12-39e6-905f-491e3ed913e9,10,0,background,,
train,A03_0083e166-e924-38bf-8ada-4016794dd6d6,A03_0083e166-e924-38bf-8ada-4016794dd6d6,10,0,background,,
train,A03_24d2863a-d59d-35fd-bfb7-c592d762acd4,A03_24d2863a-d59d-35fd-bfb7-c592d762acd4,10,0,background,,
train,A03_35298595-5c0e-3003-b60b-17ce1a50cb97,A03_35298595-5c0e-3003-b60b-17ce1a50cb97,10,0,background,,
train,A03_216097f5-68c9-320d-9595-b5fcd51bab43,A03_216097f5-68c9-320d-9595-b5fcd51bab43,10,0,background,,
train,A03_12b32bf3-a048-35ac-9904-7d60cc927312,A03_12b32bf3-a048-35ac-9904-7d60cc927312,10,0,background,,
train,A03_4a711728-8795-36e1-9cf5-ce399d9d4e72,A03_4a711728-8795-36e1-9cf5-ce399d9d4e72,10,0,background,,
train,A03_2e7dc24f-7fc6-3e1c-8daf-50918dc5fb9c,A03_2e7dc24f-7fc6-3e1c-8daf-50918dc5fb9c,10,0,background,,
train,A03_13286375-bf8b-3fd0-8b27-3d06e5d816d1,A03_13286375-bf8b-3fd0-8b27-3d06e5d816d1,10,0,background,,
train,A03_0ba5a9ba-0d03-34e0-a3d7-d87d3a1b9a54,A03_0ba5a9ba-0d03-34e0-a3d7-d87d3a1b9a54,10,0,background,,
train,A03_3187812b-3834-3f43-a019-cc5d8504b819,A03_3187812b-3834-3f43-a019-cc5d8504b819,10,0,background,,
train,A03_2ba53a62-4d84-35b8-be56-e1747e964d31,A03_2ba53a62-4d84-35b8-be56-e1747e964d31,10,0,background,,
train,A03_4b6d99a3-e2a6-39a0-b9e1-8888213eaa1a,A03_4b6d99a3-e2a6-39a0-b9e1-8888213eaa1a,10,0,background,,
train,A03_13e7177d-47c5-3b0a-84fb-8081cc9c91b0,A03_13e7177d-47c5-3b0a-84fb-8081cc9c91b0,10,0,background,,
train,A03_2f8fc6fa-e839-34c1-8fbd-57e872595127,A03_2f8fc6fa-e839-34c1-8fbd-57e872595127,10,0,background,,
train,A03_525734f3-f250-35c6-99a7-5787262647f7,A03_525734f3-f250-35c6-99a7-5787262647f7,10,0,background,,
train,A03_4170e0b7-7c02-3b23-8a85-85ac7e2e8a8c,A03_4170e0b7-7c02-3b23-8a85-85ac7e2e8a8c,10,0,background,,
train,A03_04610b1c-04f2-3b1c-aa25-de1b434e92de,A03_04610b1c-04f2-3b1c-aa25-de1b434e92de,10,0,background,,
train,A03_3afa6839-b1b0-3206-8cac-bef863b72764,A03_3afa6839-b1b0-3206-8cac-bef863b72764,10,0,background,,
train,A03_519dc09c-5997-35fa-8c2f-92308ec49111,A03_519dc09c-5997-35fa-8c2f-92308ec49111,10,0,background,,
train,A03_126cb1c9-7974-351f-9c5f-82f87e6c9425,A03_126cb1c9-7974-351f-9c5f-82f87e6c9425,10,0,background,,
train,A03_24be1b87-c78d-30d5-96ad-a533203229a9,A03_24be1b87-c78d-30d5-96ad-a533203229a9,16,5,target,1,Bird
train,A03_3840946f-a8f7-3996-acf0-7019629dd616,A03_3840946f-a8f7-3996-acf0-7019629dd616,10,0,background,,
train,A03_3412ccde-b269-3909-864a-7cb91ad044a0,A03_3412ccde-b269-3909-864a-7cb91ad044a0,10,0,background,,
train,A03_1dcc6e0b-6707-37e4-9d62-58dad16481ca,A03_1dcc6e0b-6707-37e4-9d62-58dad16481ca,10,0,background,,
train,A03_47dab707-2f19-3518-adc7-ecfb7d03dd82,A03_47dab707-2f19-3518-adc7-ecfb7d03dd82,10,0,background,,
train,A03_29f57788-aa21-3b2b-83bc-a447386fa8b4,A03_29f57788-aa21-3b2b-83bc-a447386fa8b4,10,0,background,,
train,A03_04527900-1535-3990-82c7-6d682688bf5a,A03_04527900-1535-3990-82c7-6d682688bf5a,10,0,background,,
train,A03_135d4d91-e6cd-3b0c-94ec-e12806188b92,A03_135d4d91-e6cd-3b0c-94ec-e12806188b92,10,0,background,,
train,A03_23ef650d-7054-31c5-881e-8a0d506395dc,A03_23ef650d-7054-31c5-881e-8a0d506395dc,10,0,background,,
train,A03_26fc1a35-6e43-363e-a530-8dce4036e8e5,A03_26fc1a35-6e43-363e-a530-8dce4036e8e5,10,0,background,,
train,A03_208679c2-f190-349b-aa6c-74e655a6a295,A03_208679c2-f190-349b-aa6c-74e655a6a295,10,0,background,,
train,A03_12539a83-8719-32cc-9a25-b3124a8bd1f7,A03_12539a83-8719-32cc-9a25-b3124a8bd1f7,27,11,target,1,Bird
train,A03_0bba4b3e-3f6e-30bd-aaa0-6bf381fe4509,A03_0bba4b3e-3f6e-30bd-aaa0-6bf381fe4509,10,0,background,,
train,A03_42b08ef8-0af8-3c20-9b7e-86d8953ac708,A03_42b08ef8-0af8-3c20-9b7e-86d8953ac708,10,0,background,,
train,A03_2f9c6b35-5e73-3f09-9eea-aa90e36868a8,A03_2f9c6b35-5e73-3f09-9eea-aa90e36868a8,10,0,background,,
train,A03_0430c4e6-d2f5-3cbd-bcaa-ec622870aa4a,A03_0430c4e6-d2f5-3cbd-bcaa-ec622870aa4a,57,7,target,2,Insect
train,A03_01c1b507-5c4f-3d5f-8c71-14bb8327546e,A03_01c1b507-5c4f-3d5f-8c71-14bb8327546e,10,0,background,,
train,A03_38a25b96-ea8b-387e-be31-92778c946217,A03_38a25b96-ea8b-387e-be31-92778c946217,10,0,background,,
train,A03_50f18b66-0e0c-3891-816c-42696c2cb270,A03_50f18b66-0e0c-3891-816c-42696c2cb270,10,0,background,,
train,A03_29463c7e-ae61-3836-a5e8-794b68523f0c,A03_29463c7e-ae61-3836-a5e8-794b68523f0c,20,11,target,1,Bird
train,A03_2ba1dfb6-b641-3176-acee-70049aa229a0,A03_2ba1dfb6-b641-3176-acee-70049aa229a0,10,0,background,,
train,A03_496cf084-ece4-30c7-907b-7ab27e400d2d,A03_496cf084-ece4-30c7-907b-7ab27e400d2d,10,0,background,,
train,A03_1e096943-5e75-37a3-8108-6f0ab9820f81,A03_1e096943-5e75-37a3-8108-6f0ab9820f81,10,0,background,,
train,A03_4dfac74f-504f-3a46-bf9e-8f539b592972,A03_4dfac74f-504f-3a46-bf9e-8f539b592972,10,12,target,6,Unknown
train,A03_1026b7c5-88fd-3d45-8d62-ab09b9c263bd,A03_1026b7c5-88fd-3d45-8d62-ab09b9c263bd,10,0,background,,
train,A03_07129cd7-809b-35f3-9656-a0ff6f37750e,A03_07129cd7-809b-35f3-9656-a0ff6f37750e,10,0,background,,
train,A03_28b36fde-9fad-35b0-a580-d097bcf9d364,A03_28b36fde-9fad-35b0-a580-d097bcf9d364,10,0,background,,
train,A03_2d5cdbe6-2489-3062-9be8-782fcb8cac5f,A03_2d5cdbe6-2489-3062-9be8-782fcb8cac5f,10,0,background,,
train,A03_12e4b772-00c5-3467-b21f-6277830b4e55,A03_12e4b772-00c5-3467-b21f-6277830b4e55,10,0,background,,
train,A03_04647520-4d20-3509-9bf0-6caf58dacd78,A03_04647520-4d20-3509-9bf0-6caf58dacd78,10,0,background,,
train,A03_20d97a4a-12ab-31d9-afbd-1f6f84407cba,A03_20d97a4a-12ab-31d9-afbd-1f6f84407cba,10,0,background,,
train,A03_1c45a435-b52e-35a4-8b70-812cfd7d8fda,A03_1c45a435-b52e-35a4-8b70-812cfd7d8fda,10,0,background,,
train,A03_28738c15-36da-37a1-9c55-03c1f88bc107,A03_28738c15-36da-37a1-9c55-03c1f88bc107,10,0,background,,
train,A03_31dd2102-6001-3b55-9528-0bc02ff99da9,A03_31dd2102-6001-3b55-9528-0bc02ff99da9,10,5,target,4,Plane
train,A03_0bc8d80d-9856-3713-8fe4-2f9ce9be4f94,A03_0bc8d80d-9856-3713-8fe4-2f9ce9be4f94,10,0,background,,
train,A03_51d2892e-f2d5-393f-9159-10814ab5afac,A03_51d2892e-f2d5-393f-9159-10814ab5afac,10,0,background,,
train,A03_05e636a3-2420-369f-a0b9-f370626255dd,A03_05e636a3-2420-369f-a0b9-f370626255dd,10,0,background,,
train,A03_2f79d6af-e28f-386c-9606-e1109fe45b75,A03_2f79d6af-e28f-386c-9606-e1109fe45b75,10,0,background,,
train,A03_3ce28d49-d65b-314e-a456-a571acce6e59,A03_3ce28d49-d65b-314e-a456-a571acce6e59,10,0,background,,
train,A03_1f22aabe-8e2e-36a0-9852-c8f4339d2983,A03_1f22aabe-8e2e-36a0-9852-c8f4339d2983,10,0,background,,
train,A03_2274e56e-9f27-3db7-9da9-f0eb93fb0a5b,A03_2274e56e-9f27-3db7-9da9-f0eb93fb0a5b,10,0,background,,
train,A03_07c09631-c246-3ad6-8a3d-8a0c75459a6a,A03_07c09631-c246-3ad6-8a3d-8a0c75459a6a,10,0,background,,
train,A03_1cce7319-b02b-3eac-ade7-a9fe9bf5b1cb,A03_1cce7319-b02b-3eac-ade7-a9fe9bf5b1cb,10,0,background,,
train,A03_4896bc69-6605-3d50-8610-6c452bd0d5f7,A03_4896bc69-6605-3d50-8610-6c452bd0d5f7,10,0,background,,
train,A03_1cc62fca-cca3-3ea9-8c29-c4f1844a9d1f,A03_1cc62fca-cca3-3ea9-8c29-c4f1844a9d1f,10,0,background,,
train,A03_243730d4-8fc8-3315-baf9-8774065aa222,A03_243730d4-8fc8-3315-baf9-8774065aa222,10,0,background,,
train,A03_0b42028c-b797-34ef-8ce2-e399719319d0,A03_0b42028c-b797-34ef-8ce2-e399719319d0,10,0,background,,
train,A03_4b3c621f-6106-31fd-a892-9dae85f7e589,A03_4b3c621f-6106-31fd-a892-9dae85f7e589,10,0,background,,
train,A03_2170d6b7-b6d4-30b5-b4af-8f71d671b258,A03_2170d6b7-b6d4-30b5-b4af-8f71d671b258,10,0,background,,
train,A03_53b5ada4-5ac7-343f-8ea2-7032082292c1,A03_53b5ada4-5ac7-343f-8ea2-7032082292c1,10,0,background,,
train,A03_1c82f35c-20e8-3138-9b5a-21945d134993,A03_1c82f35c-20e8-3138-9b5a-21945d134993,10,0,background,,
train,A03_34e56496-91a1-36e4-80bf-854a0699943d,A03_34e56496-91a1-36e4-80bf-854a0699943d,10,0,background,,
train,A03_2ec2dd68-3bdd-31bc-886d-6ac662b1fb01,A03_2ec2dd68-3bdd-31bc-886d-6ac662b1fb01,10,0,background,,
train,A03_32961541-0f16-320c-86fd-8b2e5be38610,A03_32961541-0f16-320c-86fd-8b2e5be38610,10,0,background,,
train,A03_11c1b3c4-43a7-361a-9ec3-19f81e48a657,A03_11c1b3c4-43a7-361a-9ec3-19f81e48a657,10,0,background,,
train,A03_1b48ec97-ed92-38a2-8c17-8bdc6e274ce9,A03_1b48ec97-ed92-38a2-8c17-8bdc6e274ce9,10,0,background,,
train,A03_13db2a39-f1c0-3b61-92b0-53349eeefe73,A03_13db2a39-f1c0-3b61-92b0-53349eeefe73,10,0,background,,
train,A03_30db0164-5cbc-301d-b3bd-fc6ae8b291c0,A03_30db0164-5cbc-301d-b3bd-fc6ae8b291c0,10,0,background,,
train,A03_05e06d16-e4b7-3f62-bbe5-f3c3733e4951,A03_05e06d16-e4b7-3f62-bbe5-f3c3733e4951,10,0,background,,
train,A03_2d9a6b1c-5192-3f2c-9a4a-ccc7081476c0,A03_2d9a6b1c-5192-3f2c-9a4a-ccc7081476c0,10,1,target,1,Bird
train,A03_1d634e01-862f-365f-aa3c-a223a16a6358,A03_1d634e01-862f-365f-aa3c-a223a16a6358,10,0,background,,
train,A03_1eb39ae5-2165-3b7e-a390-23c0b0dd769e,A03_1eb39ae5-2165-3b7e-a390-23c0b0dd769e,10,0,background,,
train,A03_29cf2178-130e-3c52-9c62-9c646adb8a5b,A03_29cf2178-130e-3c52-9c62-9c646adb8a5b,10,0,background,,
train,A03_2bc94a15-3fd4-31c7-a348-4d7c74f574f7,A03_2bc94a15-3fd4-31c7-a348-4d7c74f574f7,10,0,background,,
train,A03_53a4616a-fd42-346a-ba65-498cb1055b72,A03_53a4616a-fd42-346a-ba65-498cb1055b72,10,0,background,,
train,A03_2aedb3fd-cceb-31ef-917d-525c70a77a2b,A03_2aedb3fd-cceb-31ef-917d-525c70a77a2b,10,0,background,,
train,A03_3a909b87-6e71-305f-86a8-ff487048d7fa,A03_3a909b87-6e71-305f-86a8-ff487048d7fa,10,0,background,,
train,A03_50244a99-078a-3153-a8fc-ca4883c26060,A03_50244a99-078a-3153-a8fc-ca4883c26060,10,0,background,,
train,A03_21f07571-420f-317d-b49e-eeaae256cf5d,A03_21f07571-420f-317d-b49e-eeaae256cf5d,10,0,background,,
train,A03_4f97f7e0-fee1-3df0-b06c-6493b025b711,A03_4f97f7e0-fee1-3df0-b06c-6493b025b711,10,0,background,,
train,A03_34c4dd78-ec9d-3432-a195-851610ad2a4d,A03_34c4dd78-ec9d-3432-a195-851610ad2a4d,10,0,background,,
train,A03_334c3e50-4028-33c1-811e-4a761028166f,A03_334c3e50-4028-33c1-811e-4a761028166f,10,0,background,,
train,A03_210e5109-d3bf-3d31-a5de-5e1a81a235c4,A03_210e5109-d3bf-3d31-a5de-5e1a81a235c4,10,0,background,,
train,A03_06ba2ebd-f6ab-3567-a4d5-cafa6d9134ca,A03_06ba2ebd-f6ab-3567-a4d5-cafa6d9134ca,20,0,background,,
train,A03_2a6c0456-74f4-3b24-a610-fc0ef54875a0,A03_2a6c0456-74f4-3b24-a610-fc0ef54875a0,10,2,target,1,Bird
train,A03_1b2fd0cd-5be0-38be-8b52-8a3becd59d3b,A03_1b2fd0cd-5be0-38be-8b52-8a3becd59d3b,10,0,background,,
train,A03_0415ebb8-1c3f-3328-b22f-72e68b2ac45e,A03_0415ebb8-1c3f-3328-b22f-72e68b2ac45e,10,0,background,,
train,A03_02ed3989-ac8a-325e-86b0-90419d040fdc,A03_02ed3989-ac8a-325e-86b0-90419d040fdc,20,12,target,6,Unknown
train,A03_2f9687ff-b09a-3f5f-92dc-f01655aae2ec,A03_2f9687ff-b09a-3f5f-92dc-f01655aae2ec,10,0,background,,
train,A03_2a7c154d-5682-3ff0-9de1-36c412eca9e8,A03_2a7c154d-5682-3ff0-9de1-36c412eca9e8,10,0,background,,
train,A03_0a71bdbd-0b4d-3801-a041-c5cd4fda6911,A03_0a71bdbd-0b4d-3801-a041-c5cd4fda6911,10,0,background,,
train,A03_347b9426-5c80-341b-bb4e-92183a87b822,A03_347b9426-5c80-341b-bb4e-92183a87b822,10,0,background,,
train,A03_328fd62c-c543-3196-a90b-37ad3b9ce385,A03_328fd62c-c543-3196-a90b-37ad3b9ce385,10,0,background,,
train,A03_5413188e-e494-3dbb-a659-ac8f18fff111,A03_5413188e-e494-3dbb-a659-ac8f18fff111,10,0,background,,
train,A03_3c98423e-c83e-3eff-a13b-c1232a21e7ff,A03_3c98423e-c83e-3eff-a13b-c1232a21e7ff,25,5,target,1,Bird
train,A03_27210ca2-f3c3-35c3-bbe6-6dc03b40b59f,A03_27210ca2-f3c3-35c3-bbe6-6dc03b40b59f,10,0,background,,
train,A03_07d5ad53-3873-3402-b44b-50b8824f8500,A03_07d5ad53-3873-3402-b44b-50b8824f8500,10,0,background,,
train,A03_2a5320a8-6a2d-3111-9560-bbf146a0bf0e,A03_2a5320a8-6a2d-3111-9560-bbf146a0bf0e,27,6,target,0,Bat
train,A03_11c866bf-e80b-39e0-8919-b2b9a3568bc8,A03_11c866bf-e80b-39e0-8919-b2b9a3568bc8,10,0,background,,
train,A03_2cb05304-1f3a-359c-89c7-6c2b651016b6,A03_2cb05304-1f3a-359c-89c7-6c2b651016b6,10,0,background,,
train,A03_3a4a7610-fe7a-3508-8d41-bc96485185cd,A03_3a4a7610-fe7a-3508-8d41-bc96485185cd,10,0,background,,
train,A03_41af20bd-b8ee-324a-9c78-35b82600043c,A03_41af20bd-b8ee-324a-9c78-35b82600043c,19,6,target,6,Unknown
train,A03_450f311a-48eb-3d62-a71a-487a6cbc258d,A03_450f311a-48eb-3d62-a71a-487a6cbc258d,10,0,background,,
train,A03_325b5632-d35d-37e3-98d0-072e51c64c77,A03_325b5632-d35d-37e3-98d0-072e51c64c77,10,0,background,,
train,A03_527b5d46-728c-3ee4-9d72-1c2cf3169607,A03_527b5d46-728c-3ee4-9d72-1c2cf3169607,10,0,background,,
train,A03_300f2ff0-f9e5-3007-b338-2b9edc587b12,A03_300f2ff0-f9e5-3007-b338-2b9edc587b12,10,0,background,,
train,A03_513fcb1c-c966-334f-a21f-ba7497276cef,A03_513fcb1c-c966-334f-a21f-ba7497276cef,10,0,background,,
train,A03_2f851866-fd6d-3d30-8fd9-e7e7074bfc7d,A03_2f851866-fd6d-3d30-8fd9-e7e7074bfc7d,10,0,background,,
train,A03_20e90ba6-5da1-3279-8b4f-b456b415c3f2,A03_20e90ba6-5da1-3279-8b4f-b456b415c3f2,10,0,background,,
train,A03_0c28f5e2-10b7-3027-bab7-7e2a7da659d6,A03_0c28f5e2-10b7-3027-bab7-7e2a7da659d6,10,0,background,,
train,A03_4467c27a-4a77-3d32-a145-aefe831b1b14,A03_4467c27a-4a77-3d32-a145-aefe831b1b14,10,0,background,,
train,A03_2102e3ce-b087-3f10-9375-1b70ee771e4f,A03_2102e3ce-b087-3f10-9375-1b70ee771e4f,10,0,background,,
train,A03_1f69f753-a29f-3fbb-bfcb-2a1fcc380f5d,A03_1f69f753-a29f-3fbb-bfcb-2a1fcc380f5d,10,0,background,,
train,A03_2df170b1-1a3c-3358-94be-fead6203b091,A03_2df170b1-1a3c-3358-94be-fead6203b091,10,0,background,,
train,A03_0194271f-254c-3744-92b8-a7a18ce68016,A03_0194271f-254c-3744-92b8-a7a18ce68016,10,0,background,,
train,A03_37a2a8e8-2d65-38a9-8dce-395ec0af6105,A03_37a2a8e8-2d65-38a9-8dce-395ec0af6105,10,0,background,,
train,A03_1a0d6e65-74e9-3abb-acc7-5fadf9201540,A03_1a0d6e65-74e9-3abb-acc7-5fadf9201540,25,16,target,1,Bird
train,A03_2cadd1d3-d731-38b0-92fb-7f10ad3a5f53,A03_2cadd1d3-d731-38b0-92fb-7f10ad3a5f53,10,0,background,,
train,A03_11f05e45-9a36-398b-8ec3-b38ab331f9f8,A03_11f05e45-9a36-398b-8ec3-b38ab331f9f8,10,0,background,,
train,A03_10bff2d8-3829-3a06-a308-d27e362449f2,A03_10bff2d8-3829-3a06-a308-d27e362449f2,10,0,background,,
train,A03_329d098b-2c2b-3ba1-889e-be9e46a6ebca,A03_329d098b-2c2b-3ba1-889e-be9e46a6ebca,10,0,background,,
train,A03_4185d529-2f29-3b00-9eba-f047e026b07d,A03_4185d529-2f29-3b00-9eba-f047e026b07d,10,0,background,,
train,A03_3a2bad77-128a-3ec5-8446-3157ca0bf165,A03_3a2bad77-128a-3ec5-8446-3157ca0bf165,10,0,background,,
train,A03_4ecbfc58-56de-3bc5-b254-bc02b35005c9,A03_4ecbfc58-56de-3bc5-b254-bc02b35005c9,10,0,background,,
train,A03_1483b8cd-f3d8-3edb-9e9e-98a512a8fbf6,A03_1483b8cd-f3d8-3edb-9e9e-98a512a8fbf6,10,0,background,,
train,A03_38c2821a-6808-32c7-bf99-49720a6cbc81,A03_38c2821a-6808-32c7-bf99-49720a6cbc81,10,0,background,,
train,A03_0a4a9f32-2915-3a9e-99ce-7240015af474,A03_0a4a9f32-2915-3a9e-99ce-7240015af474,30,5,target,1,Bird
train,A03_058a4913-7f47-323d-82ba-2d89f53ea011,A03_058a4913-7f47-323d-82ba-2d89f53ea011,10,0,background,,
train,A03_3256157c-39e4-387b-a143-ce28a8dc2a08,A03_3256157c-39e4-387b-a143-ce28a8dc2a08,10,0,background,,
train,A03_2ade9b74-57c3-38a2-a238-415ec18a65a8,A03_2ade9b74-57c3-38a2-a238-415ec18a65a8,10,0,background,,
train,A03_021805cd-3457-38a7-a21c-8224fc84806f,A03_021805cd-3457-38a7-a21c-8224fc84806f,34,5,target,6,Unknown
train,A03_027c1449-f409-3486-ad43-4f2b5a8403e7,A03_027c1449-f409-3486-ad43-4f2b5a8403e7,10,0,background,,
train,A03_2b2fcad2-c969-3867-8612-08a6a07a5f97,A03_2b2fcad2-c969-3867-8612-08a6a07a5f97,10,0,background,,
train,A03_543a4da8-c621-3473-a409-1b2a7795d7d4,A03_543a4da8-c621-3473-a409-1b2a7795d7d4,10,0,background,,
train,A03_50c350c3-cedc-3d3c-9700-5ed781b8ca34,A03_50c350c3-cedc-3d3c-9700-5ed781b8ca34,10,0,background,,
train,A03_0034227a-98b6-3e0d-8f68-164a9e724c56,A03_0034227a-98b6-3e0d-8f68-164a9e724c56,10,0,background,,
train,A03_37ee5710-3244-363c-a325-d6a12518ee8c,A03_37ee5710-3244-363c-a325-d6a12518ee8c,10,0,background,,
train,A03_1aafc623-1af7-343c-af32-3bf18fe68917,A03_1aafc623-1af7-343c-af32-3bf18fe68917,10,0,background,,
train,A03_491c8c7d-0315-352c-ba69-e296011fc6ee,A03_491c8c7d-0315-352c-ba69-e296011fc6ee,10,0,background,,
train,A03_152bd4ad-c348-3e42-8a7e-656df0cac3be,A03_152bd4ad-c348-3e42-8a7e-656df0cac3be,10,0,background,,
train,A03_147dcd02-ea61-3df3-b909-a23d7f2bc362,A03_147dcd02-ea61-3df3-b909-a23d7f2bc362,10,0,background,,
train,A03_105b203e-8acd-34d6-bcdf-fe7a5cd9e033,A03_105b203e-8acd-34d6-bcdf-fe7a5cd9e033,10,0,background,,
train,A03_355f7023-14c9-3e65-9129-f50e540998a5,A03_355f7023-14c9-3e65-9129-f50e540998a5,10,0,background,,
train,A03_30a148a3-e8d5-33a3-8e11-55064e7ff1f5,A03_30a148a3-e8d5-33a3-8e11-55064e7ff1f5,10,0,background,,
train,A03_423dd09c-f6f7-383b-bd6c-35684998d9b5,A03_423dd09c-f6f7-383b-bd6c-35684998d9b5,10,0,background,,
train,A03_21f163da-f217-3d7f-bb31-4b24feac42ec,A03_21f163da-f217-3d7f-bb31-4b24feac42ec,10,0,background,,
train,A03_39383801-fd91-3ab4-a0df-50c664a9a45b,A03_39383801-fd91-3ab4-a0df-50c664a9a45b,10,0,background,,
train,A03_019d3123-cbfe-3bae-b134-e6b584ea2d1b,A03_019d3123-cbfe-3bae-b134-e6b584ea2d1b,10,0,background,,
train,A03_4f970005-b045-3d50-9418-3b98019423df,A03_4f970005-b045-3d50-9418-3b98019423df,10,3,target,6,Unknown
train,A03_04bb0dfb-1b3f-3c48-90aa-a311e921e48b,A03_04bb0dfb-1b3f-3c48-90aa-a311e921e48b,10,0,background,,
train,A03_2685b8ab-3678-35fb-8d31-b0f683a0d171,A03_2685b8ab-3678-35fb-8d31-b0f683a0d171,10,0,background,,
train,A03_49b74e14-673f-3687-a374-0d46bbbcf29e,A03_49b74e14-673f-3687-a374-0d46bbbcf29e,10,0,background,,
train,A03_03ad705a-2b6e-3550-91a4-4ac12ac9cbd5,A03_03ad705a-2b6e-3550-91a4-4ac12ac9cbd5,10,0,background,,
train,A03_3649f070-5281-324a-bf08-590c233d902d,A03_3649f070-5281-324a-bf08-590c233d902d,10,0,background,,
train,A03_37a0eece-a507-3863-bb43-9520013b96fe,A03_37a0eece-a507-3863-bb43-9520013b96fe,10,0,background,,
train,A03_0d958d59-57dd-3791-8cea-e6b9195ec0f3,A03_0d958d59-57dd-3791-8cea-e6b9195ec0f3,10,0,background,,
train,A03_27e455a8-3bfb-39a4-be71-7221a5978943,A03_27e455a8-3bfb-39a4-be71-7221a5978943,10,2,target,1,Bird
train,A03_3976bc2f-b455-34c8-a924-82f80615060d,A03_3976bc2f-b455-34c8-a924-82f80615060d,10,0,background,,
train,A03_4f40f25b-b859-32d0-b84a-36f2328f8746,A03_4f40f25b-b859-32d0-b84a-36f2328f8746,10,0,background,,
train,A03_4c0cabed-0041-3bdf-84ac-b64810ed52cb,A03_4c0cabed-0041-3bdf-84ac-b64810ed52cb,10,14,target,4,Plane
train,A03_023cc257-56a7-3839-bce5-6b471447481f,A03_023cc257-56a7-3839-bce5-6b471447481f,10,0,background,,
train,A03_38d1723c-49ef-3b4d-9780-8bb0115c9c62,A03_38d1723c-49ef-3b4d-9780-8bb0115c9c62,10,0,background,,
train,A03_2391868f-fc5d-38af-a819-f33ce4b52f25,A03_2391868f-fc5d-38af-a819-f33ce4b52f25,10,0,background,,
train,A03_4d10ac91-88fe-3a24-b388-038f343d5e38,A03_4d10ac91-88fe-3a24-b388-038f343d5e38,10,0,background,,
train,A03_5077d6d1-bf40-36b3-9b53-9e0911dfc979,A03_5077d6d1-bf40-36b3-9b53-9e0911dfc979,10,0,background,,
train,A03_243783b9-891a-308e-96b1-8f9ab841d872,A03_243783b9-891a-308e-96b1-8f9ab841d872,10,0,background,,
train,A03_0bdc5a5c-9ad2-3c91-828b-1b602de4612d,A03_0bdc5a5c-9ad2-3c91-828b-1b602de4612d,10,2,target,1,Bird
train,A03_157cb94a-fd54-3ba1-b5a0-1a7bf42ebef2,A03_157cb94a-fd54-3ba1-b5a0-1a7bf42ebef2,22,12,target,2,Insect
train,A03_0e8efd4b-f06e-3cae-87fd-9228e50ef418,A03_0e8efd4b-f06e-3cae-87fd-9228e50ef418,10,0,background,,
train,A03_46e8a1a0-a504-37c4-aaf6-782db0b16f37,A03_46e8a1a0-a504-37c4-aaf6-782db0b16f37,10,1,target,6,Unknown
train,A03_15f34c9a-2a39-34c0-b3b2-298413144a47,A03_15f34c9a-2a39-34c0-b3b2-298413144a47,10,0,background,,
train,A03_02190896-7f8d-309d-93de-48e5bf16e071,A03_02190896-7f8d-309d-93de-48e5bf16e071,10,0,background,,
train,A03_46f607a3-6e47-3b47-a7d0-8ae905edc6e5,A03_46f607a3-6e47-3b47-a7d0-8ae905edc6e5,10,0,background,,
train,A03_33920281-e9a8-3199-bde9-93bc5f5cd928,A03_33920281-e9a8-3199-bde9-93bc5f5cd928,10,4,target,6,Unknown
train,A03_260aca76-48d7-3967-98c0-cbb6ae253711,A03_260aca76-48d7-3967-98c0-cbb6ae253711,10,0,background,,
train,A03_53a5d8c4-f09f-36ba-9510-57b7d87021df,A03_53a5d8c4-f09f-36ba-9510-57b7d87021df,10,0,background,,
train,A03_07b5cc28-3718-31be-90c9-a35b8805bc3d,A03_07b5cc28-3718-31be-90c9-a35b8805bc3d,10,0,background,,
train,A03_0747e63b-2a46-3a08-83b0-7e0cb1068636,A03_0747e63b-2a46-3a08-83b0-7e0cb1068636,64,23,target,1,Bird
train,A03_5477a5ed-a48b-3e59-88d3-16503182025a,A03_5477a5ed-a48b-3e59-88d3-16503182025a,10,0,background,,
train,A03_1058345c-42cb-32c0-a26a-ff17b24b3c1e,A03_1058345c-42cb-32c0-a26a-ff17b24b3c1e,10,7,target,1,Bird
train,A03_29e2f7ca-5f01-3bbf-b391-9159a597e0ba,A03_29e2f7ca-5f01-3bbf-b391-9159a597e0ba,10,0,background,,
train,A03_5264a625-8aa4-30b6-a0a3-e8ad95dcbecb,A03_5264a625-8aa4-30b6-a0a3-e8ad95dcbecb,10,0,background,,
train,A03_4e69985f-b727-353b-9ecb-c8f98a64feb6,A03_4e69985f-b727-353b-9ecb-c8f98a64feb6,10,0,background,,
train,A03_24f06d80-74ff-3946-94d5-a3e721dba1c4,A03_24f06d80-74ff-3946-94d5-a3e721dba1c4,10,0,background,,
train,A03_4a64b8c5-95d9-31d8-bc72-31397c7a0187,A03_4a64b8c5-95d9-31d8-bc72-31397c7a0187,10,0,background,,
train,A03_4c26c4bb-68c8-30d3-b3a9-e49e1ddd40cf,A03_4c26c4bb-68c8-30d3-b3a9-e49e1ddd40cf,10,0,background,,
train,A03_4356d498-fc1f-381e-980b-f83efdd86153,A03_4356d498-fc1f-381e-980b-f83efdd86153,15,6,target,6,Unknown
train,A03_4c1129a7-2655-3d00-acb7-7aa5e178931f,A03_4c1129a7-2655-3d00-acb7-7aa5e178931f,10,0,background,,
train,A03_4cffba2b-3caf-35fb-b909-922c587f288b,A03_4cffba2b-3caf-35fb-b909-922c587f288b,10,0,background,,
train,A03_2ca13766-c389-3cf0-84de-5ed75e5489e3,A03_2ca13766-c389-3cf0-84de-5ed75e5489e3,10,0,background,,
train,A03_01d940b5-20f4-3022-adf6-8dca0bdd3a6e,A03_01d940b5-20f4-3022-adf6-8dca0bdd3a6e,25,57,target,"1,4","Bird,Plane"
train,A03_01b3789e-2e98-3121-86f3-59810c3f34e1,A03_01b3789e-2e98-3121-86f3-59810c3f34e1,10,0,background,,
train,A03_464d6235-d1b1-3917-8fe0-0eb2faa910d6,A03_464d6235-d1b1-3917-8fe0-0eb2faa910d6,10,0,background,,
train,A03_0cf9dcc5-bf40-3f97-b31a-ab53c1ad30d4,A03_0cf9dcc5-bf40-3f97-b31a-ab53c1ad30d4,15,2,target,1,Bird
train,A03_497d536a-4491-37ee-b850-db2ba308b4e7,A03_497d536a-4491-37ee-b850-db2ba308b4e7,10,0,background,,
train,A03_422a379f-c314-3157-8374-34f8441a9168,A03_422a379f-c314-3157-8374-34f8441a9168,10,0,background,,
train,A03_468f2bd8-4375-3ade-9b00-9a4540924fbb,A03_468f2bd8-4375-3ade-9b00-9a4540924fbb,10,0,background,,
train,A03_4a014564-9f58-392e-8270-7fe2dacc876a,A03_4a014564-9f58-392e-8270-7fe2dacc876a,10,0,background,,
train,A03_437f4033-2606-3fd7-8fcd-05a958c96200,A03_437f4033-2606-3fd7-8fcd-05a958c96200,10,0,background,,
train,A03_0cbe4a79-e81c-3101-8bb0-1415bb583936,A03_0cbe4a79-e81c-3101-8bb0-1415bb583936,10,0,background,,
train,A03_337c03a0-ef62-38e6-9b7b-dedf0efcc489,A03_337c03a0-ef62-38e6-9b7b-dedf0efcc489,10,0,background,,
train,A03_38b6c03d-7062-31ac-85ee-7f13662d8d88,A03_38b6c03d-7062-31ac-85ee-7f13662d8d88,10,0,background,,
train,A03_145cb503-44f4-3a2b-b6cb-d16b9889c78a,A03_145cb503-44f4-3a2b-b6cb-d16b9889c78a,10,0,background,,
train,A03_26881529-2620-3745-8e58-b9503709122a,A03_26881529-2620-3745-8e58-b9503709122a,10,0,background,,
train,A03_3405b5ad-4da7-3dec-b627-f04a2540dd9d,A03_3405b5ad-4da7-3dec-b627-f04a2540dd9d,10,0,background,,
train,A03_3bc9e469-1f96-3fcc-90e4-9c5103ce67f0,A03_3bc9e469-1f96-3fcc-90e4-9c5103ce67f0,10,0,background,,
train,A03_2ea7cc4d-b580-35b1-b74c-b44182a35b7f,A03_2ea7cc4d-b580-35b1-b74c-b44182a35b7f,26,15,target,"1,6","Bird,Unknown"
train,A03_13ba9b72-33ad-32c5-afd8-78ccbbf8c23f,A03_13ba9b72-33ad-32c5-afd8-78ccbbf8c23f,10,0,background,,
train,A03_504c6526-67b9-3e51-ab72-303112d28478,A03_504c6526-67b9-3e51-ab72-303112d28478,10,0,background,,
train,A03_31c982e1-d9d9-352e-ae8d-c3cfcc5708eb,A03_31c982e1-d9d9-352e-ae8d-c3cfcc5708eb,10,0,background,,
train,A03_1c2fd987-1469-30b3-8ac6-d726ac11eaab,A03_1c2fd987-1469-30b3-8ac6-d726ac11eaab,10,0,background,,
train,A03_42e46599-03bc-3607-934a-2d984362ffdf,A03_42e46599-03bc-3607-934a-2d984362ffdf,10,0,background,,
train,A03_3a10afa9-547c-3d07-9196-846365b0ac4d,A03_3a10afa9-547c-3d07-9196-846365b0ac4d,10,0,background,,
train,A03_54decabf-d604-3afd-bcc8-736312cb36f4,A03_54decabf-d604-3afd-bcc8-736312cb36f4,10,0,background,,
train,A03_0142f567-b1bf-3e02-a8a9-be393baf9aeb,A03_0142f567-b1bf-3e02-a8a9-be393baf9aeb,10,0,background,,
train,A03_2bc67006-2a1e-3424-a627-499537abb18e,A03_2bc67006-2a1e-3424-a627-499537abb18e,10,0,background,,
train,A03_22fa0844-6208-3309-acab-2f05360360bf,A03_22fa0844-6208-3309-acab-2f05360360bf,10,0,background,,
train,A03_1a1a7b2b-ac43-36fd-bb49-a0d415c9cc66,A03_1a1a7b2b-ac43-36fd-bb49-a0d415c9cc66,27,6,target,1,Bird
train,A03_445cd986-dad7-3aca-a0a8-6c5e5388bc66,A03_445cd986-dad7-3aca-a0a8-6c5e5388bc66,10,0,background,,
train,A03_41d27c6f-16db-3e0c-b44d-e1d22aa89124,A03_41d27c6f-16db-3e0c-b44d-e1d22aa89124,10,0,background,,
train,A03_33872090-32cb-3044-8935-7c221d82e8d2,A03_33872090-32cb-3044-8935-7c221d82e8d2,10,0,background,,
train,A03_4a63d59a-3f96-3646-a9da-c05ee526ad80,A03_4a63d59a-3f96-3646-a9da-c05ee526ad80,10,0,background,,
train,A03_04a6acdf-842d-3512-8b1f-fad3b8a10b3e,A03_04a6acdf-842d-3512-8b1f-fad3b8a10b3e,10,0,background,,
train,A03_1dd00fe9-b760-382c-90d3-8762d7c31127,A03_1dd00fe9-b760-382c-90d3-8762d7c31127,10,0,background,,
train,A03_1a0a5e07-8a84-32b0-8a4d-797ce16442c4,A03_1a0a5e07-8a84-32b0-8a4d-797ce16442c4,10,0,background,,
train,A03_22f2a72b-f29c-364c-ab02-8a0da050cf35,A03_22f2a72b-f29c-364c-ab02-8a0da050cf35,10,0,background,,
train,A03_24df6afd-a169-332d-bd58-93aff8fbcec2,A03_24df6afd-a169-332d-bd58-93aff8fbcec2,10,0,background,,
train,A03_461de75e-47e4-3fd1-b4f0-5d6b478763bb,A03_461de75e-47e4-3fd1-b4f0-5d6b478763bb,10,0,background,,
train,A03_4c624cb8-7d5a-3c05-8ee4-cc6704403d27,A03_4c624cb8-7d5a-3c05-8ee4-cc6704403d27,10,0,background,,
train,A03_24b20207-d24d-3465-b4d3-4f3fb67f0959,A03_24b20207-d24d-3465-b4d3-4f3fb67f0959,10,0,background,,
train,A03_4b9cd024-006c-31d6-b520-09a2f06e8ff3,A03_4b9cd024-006c-31d6-b520-09a2f06e8ff3,10,0,background,,
train,A03_13eb2110-4a2a-32cc-bb11-2fd82443a0f5,A03_13eb2110-4a2a-32cc-bb11-2fd82443a0f5,10,0,background,,
train,A03_3a38782d-34d3-3baf-a953-206cc266e6df,A03_3a38782d-34d3-3baf-a953-206cc266e6df,10,0,background,,
train,A03_07f73894-8f0f-3383-a5e4-2c035a1cbb9c,A03_07f73894-8f0f-3383-a5e4-2c035a1cbb9c,10,0,background,,
train,A03_320e39a9-94cb-31c6-b5ef-6951675e4d29,A03_320e39a9-94cb-31c6-b5ef-6951675e4d29,10,0,background,,
train,A03_518a5cdc-71e3-31cf-82ea-3e7cf5a8443e,A03_518a5cdc-71e3-31cf-82ea-3e7cf5a8443e,10,0,background,,
train,A03_17798e3d-43ca-3609-b95a-e581fe2236f0,A03_17798e3d-43ca-3609-b95a-e581fe2236f0,10,0,background,,
train,A03_37ad5371-0de3-391a-8235-8340791dcdf8,A03_37ad5371-0de3-391a-8235-8340791dcdf8,10,0,background,,
train,A03_37a51244-0151-38af-b88c-e533a218f9b7,A03_37a51244-0151-38af-b88c-e533a218f9b7,10,0,background,,
train,A03_29d107d1-1165-3e96-bb2a-be6139f0f11d,A03_29d107d1-1165-3e96-bb2a-be6139f0f11d,10,0,background,,
train,A03_2dc7c55e-a2ba-38aa-9889-bb37d9e48eec,A03_2dc7c55e-a2ba-38aa-9889-bb37d9e48eec,10,0,background,,
train,A03_1c33fc90-a57d-3d54-9df0-d92b42475dac,A03_1c33fc90-a57d-3d54-9df0-d92b42475dac,10,0,background,,
train,A03_498149b1-fc7c-39c2-9cca-522f8090a968,A03_498149b1-fc7c-39c2-9cca-522f8090a968,10,5,target,6,Unknown
train,A03_094c3269-da28-34bb-b991-269ba1bdacad,A03_094c3269-da28-34bb-b991-269ba1bdacad,10,0,background,,
train,A03_11f98ba5-5b1c-32e2-adb2-b19f90335e5c,A03_11f98ba5-5b1c-32e2-adb2-b19f90335e5c,31,10,target,1,Bird
train,A03_38f59cf7-384f-3950-835f-ce263399d975,A03_38f59cf7-384f-3950-835f-ce263399d975,10,0,background,,
train,A03_058c4d4a-2142-3787-8034-31dfcf9313ab,A03_058c4d4a-2142-3787-8034-31dfcf9313ab,10,0,background,,
train,A03_2aee6cc1-666a-3a12-973f-6211d50c7974,A03_2aee6cc1-666a-3a12-973f-6211d50c7974,10,0,background,,
train,A03_1fa93e74-6cc3-328e-be9e-f192ace24aed,A03_1fa93e74-6cc3-328e-be9e-f192ace24aed,10,0,background,,
train,A03_46573171-2d04-3c1a-9c5f-53fcce82418b,A03_46573171-2d04-3c1a-9c5f-53fcce82418b,10,0,background,,
train,A03_32e55386-118a-3a45-8a51-17ce01081531,A03_32e55386-118a-3a45-8a51-17ce01081531,10,0,background,,
train,A03_2ca545a2-90cb-3358-9aa1-ce8b01ff19a3,A03_2ca545a2-90cb-3358-9aa1-ce8b01ff19a3,10,0,background,,
train,A03_315b3363-6ba9-36b1-8163-3736cb2d1c30,A03_315b3363-6ba9-36b1-8163-3736cb2d1c30,10,0,background,,
train,A03_243058ad-cc04-3738-a252-ccf250b87eb8,A03_243058ad-cc04-3738-a252-ccf250b87eb8,10,0,background,,
train,A03_19700e34-3ece-39ae-bb04-b6e27201f23f,A03_19700e34-3ece-39ae-bb04-b6e27201f23f,10,0,background,,
train,A03_1b288f92-6382-3255-87bc-16cb9197d9f9,A03_1b288f92-6382-3255-87bc-16cb9197d9f9,10,0,background,,
train,A03_35d4c645-d291-322e-a517-2b4c9d4bd550,A03_35d4c645-d291-322e-a517-2b4c9d4bd550,10,6,target,4,Plane
train,A03_42e6e365-4d62-3b7f-b708-d1e0356dcb68,A03_42e6e365-4d62-3b7f-b708-d1e0356dcb68,10,0,background,,
train,A03_1b68d1f3-80ed-3efb-8f75-c5af2cfab643,A03_1b68d1f3-80ed-3efb-8f75-c5af2cfab643,10,0,background,,
train,A03_22345068-5a7f-32ab-9a51-fce8e068201e,A03_22345068-5a7f-32ab-9a51-fce8e068201e,10,0,background,,
train,A03_091c51a0-aa31-33bd-927f-fdd35eb7510b,A03_091c51a0-aa31-33bd-927f-fdd35eb7510b,10,0,background,,
train,A03_337d3055-cdbb-3b27-bbb9-af986fbc4233,A03_337d3055-cdbb-3b27-bbb9-af986fbc4233,10,0,background,,
train,A03_3415fa72-c2aa-3a59-8e5f-f579fe2deb5e,A03_3415fa72-c2aa-3a59-8e5f-f579fe2deb5e,10,0,background,,
train,A03_0202d5cb-d5c9-3e07-8dcb-8a99856cfa68,A03_0202d5cb-d5c9-3e07-8dcb-8a99856cfa68,10,0,background,,
train,A03_3476e468-6d11-3e0a-b032-1fc9845ea63e,A03_3476e468-6d11-3e0a-b032-1fc9845ea63e,10,0,background,,
train,A03_256b14a9-64aa-369b-82d7-70bc145f182d,A03_256b14a9-64aa-369b-82d7-70bc145f182d,10,0,background,,
train,A03_32946df5-8450-3365-a239-5208cee1fdcb,A03_32946df5-8450-3365-a239-5208cee1fdcb,10,0,background,,
train,A03_3f9f7ffd-7944-391f-8046-8ea4896f00e0,A03_3f9f7ffd-7944-391f-8046-8ea4896f00e0,10,0,background,,
train,A03_09fef255-9994-3943-bdc4-d39d4a51c7a9,A03_09fef255-9994-3943-bdc4-d39d4a51c7a9,10,0,background,,
train,A03_2cf3c863-48a9-3f22-81aa-d5cbb30e060c,A03_2cf3c863-48a9-3f22-81aa-d5cbb30e060c,10,0,background,,
train,A03_533f74d1-d8c2-3259-9bb2-0d50c468acfc,A03_533f74d1-d8c2-3259-9bb2-0d50c468acfc,10,0,background,,
train,A03_0f35f1f2-779e-35d1-94cd-76bada89c192,A03_0f35f1f2-779e-35d1-94cd-76bada89c192,10,0,background,,
train,A03_38c0362f-3bbe-3e0a-a481-bce32154a8b7,A03_38c0362f-3bbe-3e0a-a481-bce32154a8b7,10,0,background,,
train,A03_04dd8352-0f7d-3fbf-a575-3481f07c7185,A03_04dd8352-0f7d-3fbf-a575-3481f07c7185,10,0,background,,
train,A03_082e417a-e760-32eb-bd39-56635f49fc82,A03_082e417a-e760-32eb-bd39-56635f49fc82,10,0,background,,
train,A03_49944709-2af2-388a-9163-8fde59bcc740,A03_49944709-2af2-388a-9163-8fde59bcc740,10,0,background,,
train,A03_2bd4000c-7f60-3722-9a18-aac3087599c1,A03_2bd4000c-7f60-3722-9a18-aac3087599c1,10,0,background,,
train,A03_34741761-8679-3853-baf0-945727259aea,A03_34741761-8679-3853-baf0-945727259aea,10,0,background,,
train,A03_3da1170f-0360-374f-a930-f97f466bb3f7,A03_3da1170f-0360-374f-a930-f97f466bb3f7,10,0,background,,
train,A03_052f6f62-829f-3914-a5b1-04e7ee148731,A03_052f6f62-829f-3914-a5b1-04e7ee148731,10,0,background,,
train,A03_3a82e355-e9ee-33fd-a3c5-02a9f0a6d817,A03_3a82e355-e9ee-33fd-a3c5-02a9f0a6d817,10,0,background,,
train,A03_2836d78b-4abe-3a09-8474-6c06c53113dc,A03_2836d78b-4abe-3a09-8474-6c06c53113dc,10,0,background,,
train,A03_2f737afd-bd97-3368-84d0-23acfb275e93,A03_2f737afd-bd97-3368-84d0-23acfb275e93,10,0,background,,
train,A03_138db3c7-9994-32a3-94d0-089568b50da7,A03_138db3c7-9994-32a3-94d0-089568b50da7,10,0,background,,
train,A03_5115c9c4-1b2f-35f1-8e57-44aeee174821,A03_5115c9c4-1b2f-35f1-8e57-44aeee174821,10,0,background,,
train,A03_40bfa806-fd37-365d-9219-e67c31c8856a,A03_40bfa806-fd37-365d-9219-e67c31c8856a,10,0,background,,
train,A03_519e7653-c827-370e-98b6-a22e4452ace9,A03_519e7653-c827-370e-98b6-a22e4452ace9,10,0,background,,
train,A03_3ca0a078-04ba-3c14-a265-9d600b8065ab,A03_3ca0a078-04ba-3c14-a265-9d600b8065ab,10,0,background,,
train,A03_13111829-b646-356b-a8b3-3c96872663ab,A03_13111829-b646-356b-a8b3-3c96872663ab,10,0,background,,
train,A03_4667fdd2-55ad-3145-8bf0-f50ba1fbd78f,A03_4667fdd2-55ad-3145-8bf0-f50ba1fbd78f,10,0,background,,
train,A03_40732f68-c0cc-3d48-8275-4708bb255233,A03_40732f68-c0cc-3d48-8275-4708bb255233,10,0,background,,
train,A03_41368e03-2022-320f-b686-a9412356c4bc,A03_41368e03-2022-320f-b686-a9412356c4bc,10,0,background,,
train,A03_004155b2-3b44-3e93-833e-92901b5ff614,A03_004155b2-3b44-3e93-833e-92901b5ff614,10,0,background,,
train,A03_02133643-0f65-36f9-a438-d471fc27f6ff,A03_02133643-0f65-36f9-a438-d471fc27f6ff,10,0,background,,
train,A03_073c1649-b196-3aca-a746-6340199aca3e,A03_073c1649-b196-3aca-a746-6340199aca3e,20,0,background,,
train,A03_15d94001-cc35-3b81-ad43-9b35503a3306,A03_15d94001-cc35-3b81-ad43-9b35503a3306,10,10,target,4,Plane
train,A03_0773322c-8a14-312a-8188-c191382c085b,A03_0773322c-8a14-312a-8188-c191382c085b,10,0,background,,
train,A03_08671eeb-546d-34e1-9912-8b7973661117,A03_08671eeb-546d-34e1-9912-8b7973661117,10,0,background,,
train,A03_01a45248-56ab-3335-9b94-d3f0c6a66138,A03_01a45248-56ab-3335-9b94-d3f0c6a66138,38,20,target,1,Bird
train,A03_17f495b3-77d9-3888-b7f3-c69843f4cbc4,A03_17f495b3-77d9-3888-b7f3-c69843f4cbc4,10,0,background,,
train,A03_4d7b3e14-d55d-3905-8ab7-16c3e3b8856d,A03_4d7b3e14-d55d-3905-8ab7-16c3e3b8856d,10,0,background,,
train,A03_056c35f9-9b43-3386-a2a3-1112f17dc40f,A03_056c35f9-9b43-3386-a2a3-1112f17dc40f,10,0,background,,
train,A03_051ffecc-3103-32ea-bbb2-17658f5d1e12,A03_051ffecc-3103-32ea-bbb2-17658f5d1e12,10,0,background,,
train,A03_2320948d-9fea-304f-95e7-484948a1b26a,A03_2320948d-9fea-304f-95e7-484948a1b26a,10,0,background,,
train,A03_4953e893-8e51-34d1-a08b-0b9bb82fa9c5,A03_4953e893-8e51-34d1-a08b-0b9bb82fa9c5,10,0,background,,
train,A03_3e3d16bf-77ff-3b82-933f-7b81c29b2e12,A03_3e3d16bf-77ff-3b82-933f-7b81c29b2e12,10,0,background,,
train,A03_191d8c9d-66dc-3abc-8fc4-d482c7ae6de4,A03_191d8c9d-66dc-3abc-8fc4-d482c7ae6de4,10,0,background,,
train,A03_143951a6-7616-3549-ad17-64d075b34f07,A03_143951a6-7616-3549-ad17-64d075b34f07,10,0,background,,
train,A03_1bb6cc34-4087-3955-82ae-09b672bb614f,A03_1bb6cc34-4087-3955-82ae-09b672bb614f,10,0,background,,
train,A03_172c7025-55d0-3d13-8cdf-4787f767d771,A03_172c7025-55d0-3d13-8cdf-4787f767d771,10,0,background,,
train,A03_17cc62f0-d695-38c0-ae70-0ceed660e970,A03_17cc62f0-d695-38c0-ae70-0ceed660e970,10,0,background,,
train,A03_2e9fea77-25c4-3507-828e-c6878950c37a,A03_2e9fea77-25c4-3507-828e-c6878950c37a,10,0,background,,
train,A03_49622dd9-ef9f-3e71-b875-8de2eb7f83e9,A03_49622dd9-ef9f-3e71-b875-8de2eb7f83e9,10,0,background,,
train,A03_54c1491e-4dd0-3a96-8cc8-1bbb6ade0c87,A03_54c1491e-4dd0-3a96-8cc8-1bbb6ade0c87,10,0,background,,
train,A03_3ea04583-a7b0-373e-8221-88742e4d14ed,A03_3ea04583-a7b0-373e-8221-88742e4d14ed,10,0,background,,
train,A03_33c202fb-6769-3ef1-ad06-3de3e9c26edc,A03_33c202fb-6769-3ef1-ad06-3de3e9c26edc,10,0,background,,
train,A03_5445ea99-384d-3a0e-a11f-a22826e5eff8,A03_5445ea99-384d-3a0e-a11f-a22826e5eff8,10,0,background,,
train,A03_40eda1ac-ff48-36b3-b9cc-4efb7a5aac93,A03_40eda1ac-ff48-36b3-b9cc-4efb7a5aac93,10,0,background,,
train,A03_298d1307-19e6-324e-b188-19c3db05511d,A03_298d1307-19e6-324e-b188-19c3db05511d,19,2,target,1,Bird
train,A03_221536cf-ff56-399e-95d6-e9bc1a5136ca,A03_221536cf-ff56-399e-95d6-e9bc1a5136ca,10,0,background,,
train,A03_32b2a7d8-0191-3a2a-84f9-b03c343caea6,A03_32b2a7d8-0191-3a2a-84f9-b03c343caea6,10,0,background,,
train,A03_22673e3a-b073-362c-85d0-79d01d04162b,A03_22673e3a-b073-362c-85d0-79d01d04162b,10,0,background,,
train,A03_42f0435f-630b-3aa9-8f1d-3bd1326502aa,A03_42f0435f-630b-3aa9-8f1d-3bd1326502aa,10,0,background,,
train,A03_287c4ae6-bd22-3ab0-b564-8859493d878a,A03_287c4ae6-bd22-3ab0-b564-8859493d878a,10,0,background,,
train,A03_33b61ce1-35f1-3808-81c7-c2692167f542,A03_33b61ce1-35f1-3808-81c7-c2692167f542,10,0,background,,
train,A03_0d9eeb19-31a5-3c39-9227-23380de59a21,A03_0d9eeb19-31a5-3c39-9227-23380de59a21,10,0,background,,
train,A03_0b0d5ccf-400f-3acf-8c04-98d5af297e8f,A03_0b0d5ccf-400f-3acf-8c04-98d5af297e8f,10,8,target,1,Bird
train,A03_08d85d7f-0ac4-331f-a2c6-d0eef090e4ea,A03_08d85d7f-0ac4-331f-a2c6-d0eef090e4ea,10,0,background,,
train,A03_2e9c1f56-00cc-3da5-bff7-f0b72bd415f9,A03_2e9c1f56-00cc-3da5-bff7-f0b72bd415f9,10,0,background,,
train,A03_26a99630-9040-3606-862e-d277defa3457,A03_26a99630-9040-3606-862e-d277defa3457,10,0,background,,
train,A03_4037accd-4d9b-3853-a442-c79098005d10,A03_4037accd-4d9b-3853-a442-c79098005d10,10,0,background,,
train,A03_04ce2b6f-ca64-3559-a919-0d7a0111a8c8,A03_04ce2b6f-ca64-3559-a919-0d7a0111a8c8,10,0,background,,
train,A03_22ad4d35-3166-3c49-8500-df1b0a01d408,A03_22ad4d35-3166-3c49-8500-df1b0a01d408,10,0,background,,
train,A03_07e59732-0f99-3cf2-bee8-637942111b17,A03_07e59732-0f99-3cf2-bee8-637942111b17,10,0,background,,
train,A03_0d66016a-4b0a-3d4c-9ed0-d7943c0ca441,A03_0d66016a-4b0a-3d4c-9ed0-d7943c0ca441,10,10,target,1,Bird
train,A03_3dfdbe37-93d1-318a-addd-7135f24be917,A03_3dfdbe37-93d1-318a-addd-7135f24be917,10,0,background,,
train,A03_30a1478e-493a-3657-af65-fad2ef85c0a7,A03_30a1478e-493a-3657-af65-fad2ef85c0a7,10,0,background,,
train,A03_317e46eb-f72d-3c1b-943f-e509c8d3d090,A03_317e46eb-f72d-3c1b-943f-e509c8d3d090,10,0,background,,
train,A03_472d67f6-511b-30b6-87a3-6885c4b91d2e,A03_472d67f6-511b-30b6-87a3-6885c4b91d2e,10,0,background,,
train,A03_396d600e-e976-3d5b-8d88-955904e0bffe,A03_396d600e-e976-3d5b-8d88-955904e0bffe,10,0,background,,
train,A03_35768b2a-7987-39f5-b364-feb2c75f3187,A03_35768b2a-7987-39f5-b364-feb2c75f3187,10,0,background,,
train,A03_03ada3fc-4860-33fe-9b86-ac1121352069,A03_03ada3fc-4860-33fe-9b86-ac1121352069,29,13,target,1,Bird
train,A03_1292241d-66a2-33ed-be32-04bcee490145,A03_1292241d-66a2-33ed-be32-04bcee490145,10,0,background,,
train,A03_0fdc8b4c-1d53-3cee-8325-a214f2077901,A03_0fdc8b4c-1d53-3cee-8325-a214f2077901,10,0,background,,
train,A03_4a49e81d-aa06-311d-9d46-d9bf6b549202,A03_4a49e81d-aa06-311d-9d46-d9bf6b549202,10,0,background,,
train,A03_4f78b543-88f0-3fdc-be5c-a1eb39b4669a,A03_4f78b543-88f0-3fdc-be5c-a1eb39b4669a,10,0,background,,
train,A03_1f9ee0bc-1da6-33fb-b937-50c1e20d2f5d,A03_1f9ee0bc-1da6-33fb-b937-50c1e20d2f5d,10,0,background,,
train,A03_2cf7e3da-e25e-343f-af85-96e624f4048b,A03_2cf7e3da-e25e-343f-af85-96e624f4048b,10,0,background,,
train,A03_34aba5f4-df83-3f66-ab90-f60aa122b1f1,A03_34aba5f4-df83-3f66-ab90-f60aa122b1f1,10,0,background,,
train,A03_2e0adf1e-bff1-363d-a9a5-ef17bce69688,A03_2e0adf1e-bff1-363d-a9a5-ef17bce69688,10,10,target,6,Unknown
train,A03_0f91377a-c001-32d1-aa78-bacb1d527d25,A03_0f91377a-c001-32d1-aa78-bacb1d527d25,10,12,target,1,Bird
train,A03_2066f4a0-0932-3b97-9731-9b793c8b3d30,A03_2066f4a0-0932-3b97-9731-9b793c8b3d30,10,0,background,,
train,A03_0d55af54-6818-3488-bd2a-eaf4f0f7ec81,A03_0d55af54-6818-3488-bd2a-eaf4f0f7ec81,15,2,target,1,Bird
train,A03_271089f6-88f1-31b4-881c-ae0d47d0731d,A03_271089f6-88f1-31b4-881c-ae0d47d0731d,20,8,target,1,Bird
train,A03_34b41acf-2383-3ece-8f06-186320ec3dcd,A03_34b41acf-2383-3ece-8f06-186320ec3dcd,10,0,background,,
train,A03_4da628ef-dd5d-37b0-a096-c658a0ff0896,A03_4da628ef-dd5d-37b0-a096-c658a0ff0896,35,18,target,6,Unknown
train,A03_4bc3a2f0-4222-3b07-bc9e-555ae4394d30,A03_4bc3a2f0-4222-3b07-bc9e-555ae4394d30,10,0,background,,
train,A03_038146ca-0998-3353-932e-90ed723ee266,A03_038146ca-0998-3353-932e-90ed723ee266,10,0,background,,
train,A03_099e4bdc-727e-352e-a9d2-d748db96e8ac,A03_099e4bdc-727e-352e-a9d2-d748db96e8ac,10,0,background,,
train,A03_0b2cf0b5-6a45-3fd5-a012-8c7409bab28f,A03_0b2cf0b5-6a45-3fd5-a012-8c7409bab28f,10,0,background,,
train,A03_31062222-9d5f-37b3-b244-e58a7c8b2549,A03_31062222-9d5f-37b3-b244-e58a7c8b2549,10,0,background,,
train,A03_3028efc0-8b91-3b01-bee9-a2bdc6af98c7,A03_3028efc0-8b91-3b01-bee9-a2bdc6af98c7,10,0,background,,
train,A03_256131e0-0f04-351a-a8e7-0346d73ee094,A03_256131e0-0f04-351a-a8e7-0346d73ee094,10,0,background,,
train,A03_086f67b5-40bf-39d6-a116-d5f23d4f4566,A03_086f67b5-40bf-39d6-a116-d5f23d4f4566,10,0,background,,
train,A03_2aee19a9-5eff-32ad-8017-b78b89398120,A03_2aee19a9-5eff-32ad-8017-b78b89398120,10,0,background,,
train,A03_1819a2e3-a418-3174-bc1e-151726add9d2,A03_1819a2e3-a418-3174-bc1e-151726add9d2,10,0,background,,
train,A03_322bf96e-9bd6-3cb2-a956-2e50a6cd8d4e,A03_322bf96e-9bd6-3cb2-a956-2e50a6cd8d4e,10,0,background,,
train,A03_23cc378d-f2cd-3124-863f-c5a594eb8121,A03_23cc378d-f2cd-3124-863f-c5a594eb8121,10,0,background,,
train,A03_149bb468-6a4b-3840-8049-24265c3280ce,A03_149bb468-6a4b-3840-8049-24265c3280ce,10,0,background,,
train,A03_1bfe0eb9-39a3-3b59-9f77-79c263d25e9e,A03_1bfe0eb9-39a3-3b59-9f77-79c263d25e9e,29,9,target,2,Insect
train,A03_203d784f-4ca6-3d55-ae91-e57d870d5bc2,A03_203d784f-4ca6-3d55-ae91-e57d870d5bc2,26,7,target,6,Unknown
train,A03_01c328f5-87cd-3f4a-b20d-4309e22dd53e,A03_01c328f5-87cd-3f4a-b20d-4309e22dd53e,10,0,background,,
train,A03_4ffecae4-b343-3797-91f2-19678d29f137,A03_4ffecae4-b343-3797-91f2-19678d29f137,10,0,background,,
train,A03_2cc78206-6b70-3bca-bd59-2bfe62a3593c,A03_2cc78206-6b70-3bca-bd59-2bfe62a3593c,10,0,background,,
train,A03_007d2d61-96fa-346a-816f-0ac381650a86,A03_007d2d61-96fa-346a-816f-0ac381650a86,10,0,background,,
train,A03_3d4a0bbc-faf4-33ca-a304-af455e512279,A03_3d4a0bbc-faf4-33ca-a304-af455e512279,10,8,target,6,Unknown
train,A03_32a0ab3d-4933-3283-977b-0d76a40dd2e5,A03_32a0ab3d-4933-3283-977b-0d76a40dd2e5,10,0,background,,
train,A03_347c45a0-b2bd-3de4-9720-60e56eab4e8d,A03_347c45a0-b2bd-3de4-9720-60e56eab4e8d,10,0,background,,
train,A03_2677576f-930c-387d-8be5-6991d5a376d8,A03_2677576f-930c-387d-8be5-6991d5a376d8,10,12,target,4,Plane
train,A03_4dbf6c8f-2062-3f01-b9f7-2c4b98cae1a0,A03_4dbf6c8f-2062-3f01-b9f7-2c4b98cae1a0,10,7,target,6,Unknown
train,A03_4fca9867-6da5-3970-b5bb-7cb39259e345,A03_4fca9867-6da5-3970-b5bb-7cb39259e345,10,0,background,,
train,A03_1ecb5e6b-90ee-375b-80c5-b198fb5047b8,A03_1ecb5e6b-90ee-375b-80c5-b198fb5047b8,10,0,background,,
train,A03_53e396c3-2d7a-30f7-9a0e-060459866c9b,A03_53e396c3-2d7a-30f7-9a0e-060459866c9b,10,0,background,,
train,A03_10386407-e86a-313b-b4f6-c99795c9c86d,A03_10386407-e86a-313b-b4f6-c99795c9c86d,24,0,background,,
train,A03_08059730-7e9a-3dee-832b-54a4c52b5ce4,A03_08059730-7e9a-3dee-832b-54a4c52b5ce4,10,0,background,,
train,A03_28064284-9ce8-31a3-aaf6-6b693a584fd8,A03_28064284-9ce8-31a3-aaf6-6b693a584fd8,10,0,background,,
train,A03_25c0d7b1-2655-354a-bfd9-c749bfc2d3c5,A03_25c0d7b1-2655-354a-bfd9-c749bfc2d3c5,10,0,background,,
train,A03_39ca0344-a8a9-36e9-a93d-3128de509ea7,A03_39ca0344-a8a9-36e9-a93d-3128de509ea7,10,0,background,,
train,A03_2ccbff19-b491-3e79-8ab2-0628a5120bf2,A03_2ccbff19-b491-3e79-8ab2-0628a5120bf2,10,0,background,,
train,A03_00c8a13c-2251-3f57-b902-2a9b116b48dd,A03_00c8a13c-2251-3f57-b902-2a9b116b48dd,10,0,background,,
train,A03_2c0fafb2-799f-3e81-93b1-ae5dec587727,A03_2c0fafb2-799f-3e81-93b1-ae5dec587727,10,0,background,,
train,A03_109a4a3d-51d0-3c40-8ef5-e411da80cdb3,A03_109a4a3d-51d0-3c40-8ef5-e411da80cdb3,10,5,target,1,Bird
train,A03_3812b046-a2ef-392a-85a5-d77224b66c4c,A03_3812b046-a2ef-392a-85a5-d77224b66c4c,10,0,background,,
train,A03_1c72f623-5c05-3475-a06a-38198443fc56,A03_1c72f623-5c05-3475-a06a-38198443fc56,10,0,background,,
train,A03_02e377e7-05c7-380a-b484-8a5c7af46643,A03_02e377e7-05c7-380a-b484-8a5c7af46643,38,3,target,6,Unknown
train,A03_3055e75c-4141-346c-8e1f-3397a8187635,A03_3055e75c-4141-346c-8e1f-3397a8187635,10,0,background,,
train,A03_40ece49f-e496-3257-bcc9-d2bf99cc18d0,A03_40ece49f-e496-3257-bcc9-d2bf99cc18d0,10,0,background,,
train,A03_1bf85754-f456-3528-be73-d53180586c08,A03_1bf85754-f456-3528-be73-d53180586c08,10,0,background,,
train,A03_19887f2b-e337-347b-be6d-9195b1c38faf,A03_19887f2b-e337-347b-be6d-9195b1c38faf,10,0,background,,
train,A03_24f7d024-f697-35ae-9cf2-de357d7eb14c,A03_24f7d024-f697-35ae-9cf2-de357d7eb14c,10,0,background,,
train,A03_390bd238-7d93-3c9b-b376-1caa4d959eb1,A03_390bd238-7d93-3c9b-b376-1caa4d959eb1,10,0,background,,
train,A03_2e7c7008-cb5b-3b4b-9aaf-7c179d0ab9ab,A03_2e7c7008-cb5b-3b4b-9aaf-7c179d0ab9ab,10,0,background,,
train,A03_09b90fce-d68b-3829-953f-528c897e6680,A03_09b90fce-d68b-3829-953f-528c897e6680,48,6,target,1,Bird
train,A03_25a35134-24e1-35ff-b2a2-89d1ddcfeb8c,A03_25a35134-24e1-35ff-b2a2-89d1ddcfeb8c,10,0,background,,
train,A03_22b46c60-a988-3f5f-bd23-596932ded0e5,A03_22b46c60-a988-3f5f-bd23-596932ded0e5,10,0,background,,
train,A03_0d9dda58-1d3b-31c9-9e0c-327628a3008d,A03_0d9dda58-1d3b-31c9-9e0c-327628a3008d,10,0,background,,
train,A03_43259869-2281-3992-8435-326c84a8ce15,A03_43259869-2281-3992-8435-326c84a8ce15,10,0,background,,
train,A03_2cb96ee1-30ce-399f-85a8-0f2d10010b17,A03_2cb96ee1-30ce-399f-85a8-0f2d10010b17,10,0,background,,
train,A03_2abc1991-8a57-3957-8f63-63cd8a770a83,A03_2abc1991-8a57-3957-8f63-63cd8a770a83,10,0,background,,
train,A03_17b30684-32dd-3a22-b51f-145cb1ba6354,A03_17b30684-32dd-3a22-b51f-145cb1ba6354,10,0,background,,
train,A03_3a2c50f6-75b1-3232-b53f-30120869f2c7,A03_3a2c50f6-75b1-3232-b53f-30120869f2c7,10,0,background,,
train,A03_18ce4ea8-35db-3c34-b8ab-f2c44916f77a,A03_18ce4ea8-35db-3c34-b8ab-f2c44916f77a,10,0,background,,
train,A03_39f6db7f-1970-384a-8c8b-51f980451a2f,A03_39f6db7f-1970-384a-8c8b-51f980451a2f,10,0,background,,
train,A03_226ab405-b9c7-3ab0-a2ef-4d833c17b124,A03_226ab405-b9c7-3ab0-a2ef-4d833c17b124,10,0,background,,
train,A03_203af6e8-fa7f-3550-a0db-e3828490f734,A03_203af6e8-fa7f-3550-a0db-e3828490f734,10,0,background,,
train,A03_0bbf2afa-4b90-3ef2-bb1d-1718b842d6d3,A03_0bbf2afa-4b90-3ef2-bb1d-1718b842d6d3,10,0,background,,
train,A03_3259e253-c072-3496-8941-4b98da6ffcf0,A03_3259e253-c072-3496-8941-4b98da6ffcf0,10,0,background,,
train,A03_2487fece-7d13-3453-93fb-12a4392057dc,A03_2487fece-7d13-3453-93fb-12a4392057dc,10,0,background,,
train,A03_45ed0aac-d77f-3220-937e-c377b4ad465b,A03_45ed0aac-d77f-3220-937e-c377b4ad465b,10,0,background,,
train,A03_355221cc-2b08-3a14-a3bf-6f33306ac656,A03_355221cc-2b08-3a14-a3bf-6f33306ac656,10,0,background,,
train,A03_485fd4de-4ae5-3e61-9660-2f074969b091,A03_485fd4de-4ae5-3e61-9660-2f074969b091,10,0,background,,
train,A03_245236c0-ce96-31c5-abb8-825f190c5feb,A03_245236c0-ce96-31c5-abb8-825f190c5feb,10,0,background,,
train,A03_162c625e-f84e-306f-b248-7bf904832bfa,A03_162c625e-f84e-306f-b248-7bf904832bfa,10,0,background,,
train,A03_1ca24c40-8483-30c3-b649-893bb6e2bcfd,A03_1ca24c40-8483-30c3-b649-893bb6e2bcfd,10,0,background,,
train,A03_1c438bc3-ec75-368b-81b1-a70c7b6be91e,A03_1c438bc3-ec75-368b-81b1-a70c7b6be91e,10,0,background,,
train,A03_42317365-47d9-3ed8-ac95-a353cb790df7,A03_42317365-47d9-3ed8-ac95-a353cb790df7,10,0,background,,
train,A03_363a03dd-c4a3-324b-b6d9-def51b1e8108,A03_363a03dd-c4a3-324b-b6d9-def51b1e8108,10,0,background,,
train,A03_2a610f57-e2a7-33d0-86fe-bd8a7c8aeca7,A03_2a610f57-e2a7-33d0-86fe-bd8a7c8aeca7,10,0,background,,
train,A03_2ff0596a-611e-36c7-8d28-8df25c3fe76d,A03_2ff0596a-611e-36c7-8d28-8df25c3fe76d,10,0,background,,
train,A03_17803160-47a3-3f42-9c3f-e1965b61b796,A03_17803160-47a3-3f42-9c3f-e1965b61b796,10,0,background,,
train,A03_4cca5070-72af-3787-b14a-a06f8450e809,A03_4cca5070-72af-3787-b14a-a06f8450e809,10,0,background,,
train,A03_28f96318-4895-3bb6-9040-523225cc6446,A03_28f96318-4895-3bb6-9040-523225cc6446,10,4,target,4,Plane
train,A03_38b1d89c-b171-3b35-aada-d2202d0d99a4,A03_38b1d89c-b171-3b35-aada-d2202d0d99a4,10,0,background,,
train,A03_39d0a045-ca26-384f-b43a-10f9b882ac05,A03_39d0a045-ca26-384f-b43a-10f9b882ac05,10,0,background,,
train,A03_25d9e6ab-81d7-3850-9dd0-8a2775421d2d,A03_25d9e6ab-81d7-3850-9dd0-8a2775421d2d,10,0,background,,
train,A03_2561ed10-dae8-3aa5-9413-add2b6dc4661,A03_2561ed10-dae8-3aa5-9413-add2b6dc4661,10,0,background,,
train,A03_4340571f-44f5-39a9-9b20-65aae48f6fdd,A03_4340571f-44f5-39a9-9b20-65aae48f6fdd,10,0,background,,
train,A03_0f51ca7a-e434-3a43-a4e8-4751e567f3b7,A03_0f51ca7a-e434-3a43-a4e8-4751e567f3b7,10,0,background,,
train,A03_3524293f-3878-3a51-abf4-8c80c3157704,A03_3524293f-3878-3a51-abf4-8c80c3157704,10,0,background,,
train,A03_502c2e47-6bd7-33cf-ad06-2073f1cc1ab8,A03_502c2e47-6bd7-33cf-ad06-2073f1cc1ab8,10,0,background,,
train,A03_127da2be-ac2f-31d7-8cac-6dc60c3c553a,A03_127da2be-ac2f-31d7-8cac-6dc60c3c553a,10,0,background,,
train,A03_049d50cb-1df8-3dbe-9abe-1c36b8b2773a,A03_049d50cb-1df8-3dbe-9abe-1c36b8b2773a,10,0,background,,
train,A03_44481ae8-eef9-3278-9d47-38428da625f3,A03_44481ae8-eef9-3278-9d47-38428da625f3,15,0,background,,
train,A03_1d10eeb4-89f3-3214-8165-8d5ad6321316,A03_1d10eeb4-89f3-3214-8165-8d5ad6321316,10,5,target,5,Other
train,A03_33142b79-d051-32b1-87a5-e38e7b4f251e,A03_33142b79-d051-32b1-87a5-e38e7b4f251e,10,0,background,,
train,A03_39e41464-5a88-3dac-ba58-82aed4595d6e,A03_39e41464-5a88-3dac-ba58-82aed4595d6e,10,0,background,,
train,A03_188cae96-b128-3777-b883-7c9bae322446,A03_188cae96-b128-3777-b883-7c9bae322446,10,0,background,,
train,A03_1fe3dcc9-9ce2-3b07-8a3f-5f64fb8bbc4a,A03_1fe3dcc9-9ce2-3b07-8a3f-5f64fb8bbc4a,18,13,target,4,Plane
train,A03_07ff406b-38d0-31bb-a0b3-674c016bfb25,A03_07ff406b-38d0-31bb-a0b3-674c016bfb25,10,0,background,,
train,A03_03e89e24-784b-38a6-9660-a676a8c2b2f3,A03_03e89e24-784b-38a6-9660-a676a8c2b2f3,10,0,background,,
train,A03_5250aa89-9870-3d90-9794-e1bb34e849e8,A03_5250aa89-9870-3d90-9794-e1bb34e849e8,10,0,background,,
train,A03_1e934e8d-b79c-3cda-8329-fc24d178a905,A03_1e934e8d-b79c-3cda-8329-fc24d178a905,10,0,background,,
train,A03_001b610a-35ee-3d63-b2e3-4ed676d72e90,A03_001b610a-35ee-3d63-b2e3-4ed676d72e90,10,0,background,,
train,A03_300904fd-ae0f-3a65-b8a0-cedd4a7477cd,A03_300904fd-ae0f-3a65-b8a0-cedd4a7477cd,10,0,background,,
train,A03_09982170-917b-3d57-b60a-a3eca3da184a,A03_09982170-917b-3d57-b60a-a3eca3da184a,15,8,target,1,Bird
train,A03_49804edd-e08a-3216-82df-07c30f02bd3f,A03_49804edd-e08a-3216-82df-07c30f02bd3f,15,0,background,,
train,A03_4b4b5799-7d8e-3bd5-843c-b92327d2247e,A03_4b4b5799-7d8e-3bd5-843c-b92327d2247e,10,0,background,,
train,A03_289511f5-d496-3743-a2b0-a69a7ad9d8bf,A03_289511f5-d496-3743-a2b0-a69a7ad9d8bf,10,0,background,,
train,A03_17200ed3-4987-3192-8108-e3b95f8c3193,A03_17200ed3-4987-3192-8108-e3b95f8c3193,10,0,background,,
train,A03_1d7ebfdf-1274-3b5f-924f-ca3bbb4894e1,A03_1d7ebfdf-1274-3b5f-924f-ca3bbb4894e1,10,0,background,,
train,A03_1e257a84-baa3-3d5b-9875-fef89c326eae,A03_1e257a84-baa3-3d5b-9875-fef89c326eae,10,0,background,,
train,A03_4435b29f-3f5f-30b0-9744-b7c866a9d0b0,A03_4435b29f-3f5f-30b0-9744-b7c866a9d0b0,10,0,background,,
train,A03_11806218-dece-3c6d-bd0f-c322dbcbd4a0,A03_11806218-dece-3c6d-bd0f-c322dbcbd4a0,10,0,background,,
train,A03_3d24ece2-7df0-3d6a-8b58-b05ea83efd12,A03_3d24ece2-7df0-3d6a-8b58-b05ea83efd12,10,0,background,,
train,A03_0d93e4b1-7436-3246-b8b9-67a113c272cb,A03_0d93e4b1-7436-3246-b8b9-67a113c272cb,10,0,background,,
train,A03_17d6e821-bace-32bb-ad81-7078133b2b04,A03_17d6e821-bace-32bb-ad81-7078133b2b04,10,0,background,,
train,A03_4ef7d8b7-201e-392a-9c76-27ea9818c79e,A03_4ef7d8b7-201e-392a-9c76-27ea9818c79e,10,0,background,,
train,A03_4beea129-28c3-3ac9-9033-558f8475ecba,A03_4beea129-28c3-3ac9-9033-558f8475ecba,10,0,background,,
train,A03_1d2470f8-36a7-3937-a2ec-5a216f8d0e37,A03_1d2470f8-36a7-3937-a2ec-5a216f8d0e37,10,0,background,,
train,A03_292a8aa0-9f35-3b85-b2af-d2f2a429fe56,A03_292a8aa0-9f35-3b85-b2af-d2f2a429fe56,10,0,background,,
train,A03_337d2cbd-8b93-3c03-9a7f-cc019c06e8e9,A03_337d2cbd-8b93-3c03-9a7f-cc019c06e8e9,10,0,background,,
train,A03_13fd04ec-d2c1-3d91-8309-2840bc174058,A03_13fd04ec-d2c1-3d91-8309-2840bc174058,10,0,background,,
train,A03_1bea4dfa-4ee7-3770-a79e-bfd40e1b5a6b,A03_1bea4dfa-4ee7-3770-a79e-bfd40e1b5a6b,22,12,target,1,Bird
train,A03_1b425b67-7256-3edc-ad19-6460d0c99cfe,A03_1b425b67-7256-3edc-ad19-6460d0c99cfe,10,0,background,,
train,A03_00e23ba9-6b34-3dc4-8389-4da59dea24c6,A03_00e23ba9-6b34-3dc4-8389-4da59dea24c6,10,0,background,,
train,A03_2908363d-b8ff-39c0-94c1-ecece9807fc9,A03_2908363d-b8ff-39c0-94c1-ecece9807fc9,10,0,background,,
train,A03_46bc3fad-d38a-3bc9-99cf-b361c1872da6,A03_46bc3fad-d38a-3bc9-99cf-b361c1872da6,10,0,background,,
train,A03_069f1063-6f53-3b18-9342-c435d11ebd72,A03_069f1063-6f53-3b18-9342-c435d11ebd72,10,0,background,,
train,A03_4e2e4ca9-2753-3b28-ab25-8385eaec400b,A03_4e2e4ca9-2753-3b28-ab25-8385eaec400b,10,0,background,,
train,A03_1f55e31d-c596-30e7-93ba-c33c980fa75d,A03_1f55e31d-c596-30e7-93ba-c33c980fa75d,10,0,background,,
train,A03_134adba4-442e-3907-ae01-87e7b09e9cbf,A03_134adba4-442e-3907-ae01-87e7b09e9cbf,10,12,target,1,Bird
train,A03_174f97d1-88cd-3ea7-9563-74ec1cf2e5ed,A03_174f97d1-88cd-3ea7-9563-74ec1cf2e5ed,10,0,background,,
train,A03_53084a93-1032-3957-8fac-97f0356cc632,A03_53084a93-1032-3957-8fac-97f0356cc632,10,0,background,,
train,A03_099b7969-1b15-362b-9a9c-b52acdcadfc4,A03_099b7969-1b15-362b-9a9c-b52acdcadfc4,10,0,background,,
train,A03_1adf061e-7814-30f8-9cbf-a4220c27347f,A03_1adf061e-7814-30f8-9cbf-a4220c27347f,10,0,background,,
train,A03_0be8ca4a-708c-37e0-9043-2874a2c16b30,A03_0be8ca4a-708c-37e0-9043-2874a2c16b30,10,0,background,,
train,A03_12f13aa1-eb49-39a8-9ffb-cca9baa31a07,A03_12f13aa1-eb49-39a8-9ffb-cca9baa31a07,10,9,target,1,Bird
train,A03_0f1635c2-d429-3eb1-8bc1-7a459dd6f301,A03_0f1635c2-d429-3eb1-8bc1-7a459dd6f301,35,17,target,1,Bird
train,A03_0e9daa12-0a15-3ba7-9529-fd93f7d869bf,A03_0e9daa12-0a15-3ba7-9529-fd93f7d869bf,24,8,target,1,Bird
train,A03_1fdb6a9c-c1aa-3507-8eef-3aa2a4454414,A03_1fdb6a9c-c1aa-3507-8eef-3aa2a4454414,10,0,background,,
train,A03_0e55b163-ca24-35bc-9ddf-9c880d30676e,A03_0e55b163-ca24-35bc-9ddf-9c880d30676e,10,0,background,,
train,A03_241b2d62-462e-3321-81a0-e78aa10c3686,A03_241b2d62-462e-3321-81a0-e78aa10c3686,10,0,background,,
train,A03_10f33275-9325-3c11-af48-29943f954945,A03_10f33275-9325-3c11-af48-29943f954945,10,5,target,1,Bird
train,A03_21d61f78-5316-33ba-b236-290f78f07fc4,A03_21d61f78-5316-33ba-b236-290f78f07fc4,10,0,background,,
train,A03_0c0b4e87-e325-3e14-9146-4324e43538d6,A03_0c0b4e87-e325-3e14-9146-4324e43538d6,10,0,background,,
train,A03_3b58f893-a8ac-3105-b0b5-913e62d07412,A03_3b58f893-a8ac-3105-b0b5-913e62d07412,10,0,background,,
train,A03_1aafbba4-c4c1-3018-9840-4f8c0eb78ad0,A03_1aafbba4-c4c1-3018-9840-4f8c0eb78ad0,10,0,background,,
train,A03_20080bff-d8ae-35a5-be58-6b4d854de6ac,A03_20080bff-d8ae-35a5-be58-6b4d854de6ac,10,0,background,,
train,A03_28905a3d-1ce5-3d27-9fc3-7d37eac18cb0,A03_28905a3d-1ce5-3d27-9fc3-7d37eac18cb0,10,0,background,,
train,A03_541824b1-5c9a-3f9f-855b-9d18a4b9e9ad,A03_541824b1-5c9a-3f9f-855b-9d18a4b9e9ad,10,0,background,,
train,A03_1683da66-dfb7-30be-a362-85c5cbc0434b,A03_1683da66-dfb7-30be-a362-85c5cbc0434b,10,0,background,,
train,A03_19c3560f-67af-3794-b923-3d4b7ade1710,A03_19c3560f-67af-3794-b923-3d4b7ade1710,25,3,target,1,Bird
train,A03_436cca3e-51dd-3410-8f70-bc2a243b108a,A03_436cca3e-51dd-3410-8f70-bc2a243b108a,10,0,background,,
train,A03_4048d63f-9d25-3042-a409-3389e96e5c90,A03_4048d63f-9d25-3042-a409-3389e96e5c90,10,0,background,,
train,A03_07493ebb-4b77-3a43-9703-1e8ce14dbc9c,A03_07493ebb-4b77-3a43-9703-1e8ce14dbc9c,10,0,background,,
train,A03_28b5d1eb-af2f-388b-9c31-2b5d6d55978d,A03_28b5d1eb-af2f-388b-9c31-2b5d6d55978d,10,0,background,,
train,A03_20abaa91-d3bf-3fc4-a941-c64bb91e1e39,A03_20abaa91-d3bf-3fc4-a941-c64bb91e1e39,10,0,background,,
train,A03_516c9be9-56a5-353f-9456-fb5c69610f4d,A03_516c9be9-56a5-353f-9456-fb5c69610f4d,10,0,background,,
train,A03_45fca0f5-fb02-3834-967d-e01b765ebf16,A03_45fca0f5-fb02-3834-967d-e01b765ebf16,10,0,background,,
train,A03_0b068833-248e-39c4-aa71-2bd0c40f77f1,A03_0b068833-248e-39c4-aa71-2bd0c40f77f1,10,0,background,,
train,A03_51ccb8b9-9eab-3c8e-a072-64e2beeead87,A03_51ccb8b9-9eab-3c8e-a072-64e2beeead87,10,0,background,,
train,A03_40fb272c-7766-378a-9c43-f81df5713e87,A03_40fb272c-7766-378a-9c43-f81df5713e87,10,0,background,,
train,A03_3365006d-a846-3de1-a619-d8d16cd9148a,A03_3365006d-a846-3de1-a619-d8d16cd9148a,10,0,background,,
train,A03_0cb806d7-bf01-351a-9e77-dfc1d5566e16,A03_0cb806d7-bf01-351a-9e77-dfc1d5566e16,10,0,background,,
train,A03_49c6adbe-cb08-34b6-94a2-041194f6aa69,A03_49c6adbe-cb08-34b6-94a2-041194f6aa69,10,0,background,,
train,A03_363f56c5-6814-3a08-9c0b-49485b09c009,A03_363f56c5-6814-3a08-9c0b-49485b09c009,10,0,background,,
train,A03_2ad34eb8-502b-3dd9-bb36-cc12aebc01de,A03_2ad34eb8-502b-3dd9-bb36-cc12aebc01de,10,0,background,,
train,A03_1d386bd9-dfea-3b10-8f46-23d926169f61,A03_1d386bd9-dfea-3b10-8f46-23d926169f61,10,0,background,,
train,A03_056f6098-520d-3bcd-bc89-59b525c3a6e9,A03_056f6098-520d-3bcd-bc89-59b525c3a6e9,26,6,target,6,Unknown
train,A03_3c902614-de13-3586-8832-e9f323d70dfe,A03_3c902614-de13-3586-8832-e9f323d70dfe,10,0,background,,
train,A03_42762a71-f840-30a2-8f68-82b55292f091,A03_42762a71-f840-30a2-8f68-82b55292f091,10,0,background,,
train,A03_396fe2f1-bde5-3aff-b028-4eb7ef800573,A03_396fe2f1-bde5-3aff-b028-4eb7ef800573,10,0,background,,
train,A03_2c6553a2-de96-3cba-aa34-cccc5963ebed,A03_2c6553a2-de96-3cba-aa34-cccc5963ebed,10,0,background,,
train,A03_21683653-1c64-3354-99fe-ba676e1cd9de,A03_21683653-1c64-3354-99fe-ba676e1cd9de,10,0,background,,
train,A03_40eaafb3-9fec-3111-b4bf-34c130bcebb0,A03_40eaafb3-9fec-3111-b4bf-34c130bcebb0,10,0,background,,
train,A03_4622537b-091d-3ded-b911-b5643c771488,A03_4622537b-091d-3ded-b911-b5643c771488,10,0,background,,
train,A03_1461ef65-2e6e-3ebe-bf61-351d7021d890,A03_1461ef65-2e6e-3ebe-bf61-351d7021d890,26,18,target,1,Bird
train,A03_0c2a1560-3ca9-3cc3-8e15-dceda793344f,A03_0c2a1560-3ca9-3cc3-8e15-dceda793344f,10,0,background,,
train,A03_3cb4d94f-7465-3f5d-b034-a9a8e8895d5c,A03_3cb4d94f-7465-3f5d-b034-a9a8e8895d5c,10,0,background,,
train,A03_1cc7efe8-4a7d-35e3-894a-89624191d4c9,A03_1cc7efe8-4a7d-35e3-894a-89624191d4c9,10,0,background,,
train,A03_2d7edea0-a723-375a-a1bd-568e28dee63a,A03_2d7edea0-a723-375a-a1bd-568e28dee63a,17,2,target,1,Bird
train,A03_00f946c8-a90e-3162-bea0-aafca0fd180d,A03_00f946c8-a90e-3162-bea0-aafca0fd180d,10,0,background,,
train,A03_196bcafd-d497-365f-9ecf-3ef48731b3b6,A03_196bcafd-d497-365f-9ecf-3ef48731b3b6,10,0,background,,
train,A03_07ee47b5-b4f4-3dd1-86bb-e5a42823e664,A03_07ee47b5-b4f4-3dd1-86bb-e5a42823e664,15,14,target,1,Bird
train,A03_534b33e4-a65a-346b-a37d-9f6843cb9f6f,A03_534b33e4-a65a-346b-a37d-9f6843cb9f6f,10,0,background,,
train,A03_1abbe500-66cb-3425-b91e-528e7effa815,A03_1abbe500-66cb-3425-b91e-528e7effa815,10,0,background,,
train,A03_169d3402-d9ff-3c34-9a63-eef165a7c549,A03_169d3402-d9ff-3c34-9a63-eef165a7c549,10,0,background,,
train,A03_2297d91e-7e0a-36ed-ad53-154e39ecff54,A03_2297d91e-7e0a-36ed-ad53-154e39ecff54,10,0,background,,
train,A03_3ec3388b-7cbe-3198-be19-68b3bf2ea07a,A03_3ec3388b-7cbe-3198-be19-68b3bf2ea07a,10,0,background,,
train,A03_33154fcc-d324-3fc4-89f1-541ba72a9b20,A03_33154fcc-d324-3fc4-89f1-541ba72a9b20,10,0,background,,
train,A03_04769ef1-cfc7-3098-a62f-44051bc3529d,A03_04769ef1-cfc7-3098-a62f-44051bc3529d,10,0,background,,
train,A03_393629db-546e-3ec4-a7fb-143dd97f1685,A03_393629db-546e-3ec4-a7fb-143dd97f1685,10,0,background,,
train,A03_3fa2166a-29e3-3943-b508-4519ff0a9f21,A03_3fa2166a-29e3-3943-b508-4519ff0a9f21,10,0,background,,
train,A03_0b6f2c46-0750-3cc7-af7d-491ee7ddc8f6,A03_0b6f2c46-0750-3cc7-af7d-491ee7ddc8f6,15,5,target,1,Bird
train,A03_1e1c381f-7222-382c-b71d-45644833eb96,A03_1e1c381f-7222-382c-b71d-45644833eb96,10,0,background,,
train,A03_1e80a93b-a0ea-3c20-98e6-250342a71b22,A03_1e80a93b-a0ea-3c20-98e6-250342a71b22,10,0,background,,
train,A03_194af1f8-a805-341a-997e-9ed9eb33fe81,A03_194af1f8-a805-341a-997e-9ed9eb33fe81,10,0,background,,
train,A03_50f2ca79-3ea9-3019-b505-005f97a119d8,A03_50f2ca79-3ea9-3019-b505-005f97a119d8,10,0,background,,
train,A03_44f3866e-6546-374a-96f5-3e4a39b73139,A03_44f3866e-6546-374a-96f5-3e4a39b73139,10,0,background,,
train,A03_10f4f24b-d014-3ea9-b61c-ecfe6f6f13b5,A03_10f4f24b-d014-3ea9-b61c-ecfe6f6f13b5,10,0,background,,
train,A03_23769da6-26fc-3068-b85d-b61dbc678731,A03_23769da6-26fc-3068-b85d-b61dbc678731,10,0,background,,
train,A03_2780be34-7c18-3eff-b29e-bdd929de35b6,A03_2780be34-7c18-3eff-b29e-bdd929de35b6,10,0,background,,
train,A03_0f35a636-2aaf-308f-b667-c9c6da990fac,A03_0f35a636-2aaf-308f-b667-c9c6da990fac,10,0,background,,
train,A03_0bfdbbcf-7c33-3a5b-9681-e9632b77de6f,A03_0bfdbbcf-7c33-3a5b-9681-e9632b77de6f,10,0,background,,
train,A03_112b4a63-3897-39fb-8637-ae54fd37c774,A03_112b4a63-3897-39fb-8637-ae54fd37c774,10,0,background,,
train,A03_077104ee-4692-3cd9-8aa9-2478c4768cc2,A03_077104ee-4692-3cd9-8aa9-2478c4768cc2,10,0,background,,
train,A03_489eac0a-42af-313c-beb1-c6cf4641695c,A03_489eac0a-42af-313c-beb1-c6cf4641695c,10,1,target,6,Unknown
train,A03_2d68633e-2938-3aa6-a31f-d2deb9cf4fa6,A03_2d68633e-2938-3aa6-a31f-d2deb9cf4fa6,10,0,background,,
train,A03_2a68cda1-ca95-35f3-8834-23ed98765c39,A03_2a68cda1-ca95-35f3-8834-23ed98765c39,24,12,target,1,Bird
train,A03_4f846028-a3a8-32be-8b7a-104c50cbbd76,A03_4f846028-a3a8-32be-8b7a-104c50cbbd76,10,0,background,,
train,A03_3e605f88-5da9-38fa-9052-0d0aaa1ebe58,A03_3e605f88-5da9-38fa-9052-0d0aaa1ebe58,24,6,target,6,Unknown
train,A03_2d7935e3-827b-32b8-b11a-c70c1e3a1ff9,A03_2d7935e3-827b-32b8-b11a-c70c1e3a1ff9,10,0,background,,
train,A03_0b537097-463f-333e-846d-7a398eb58e2a,A03_0b537097-463f-333e-846d-7a398eb58e2a,10,0,background,,
train,A03_387b8c1f-3327-3d20-8699-01e7f8df440c,A03_387b8c1f-3327-3d20-8699-01e7f8df440c,10,10,target,4,Plane
train,A03_07fa7211-380c-3de6-bbde-669d30572d01,A03_07fa7211-380c-3de6-bbde-669d30572d01,30,18,target,1,Bird
train,A03_4be21ae2-32c1-32d0-ab9c-a584b37626f8,A03_4be21ae2-32c1-32d0-ab9c-a584b37626f8,10,0,background,,
train,A03_0fb76e3f-ac77-33b6-823f-104d3a39139f,A03_0fb76e3f-ac77-33b6-823f-104d3a39139f,10,0,background,,
train,A03_3df62969-a7ba-3860-9997-e14359c326f0,A03_3df62969-a7ba-3860-9997-e14359c326f0,10,0,background,,
train,A03_23253b1e-f964-3afa-91a4-140ae5742177,A03_23253b1e-f964-3afa-91a4-140ae5742177,10,1,target,4,Plane
train,A03_1a2ebf9f-830d-3e62-8b76-e343e682e5e8,A03_1a2ebf9f-830d-3e62-8b76-e343e682e5e8,10,0,background,,
train,A03_2b76f0a8-74de-3556-8de2-e85bc0794ee6,A03_2b76f0a8-74de-3556-8de2-e85bc0794ee6,10,0,background,,
train,A03_295e4d7f-64aa-3390-a9ee-9c329779c4ab,A03_295e4d7f-64aa-3390-a9ee-9c329779c4ab,10,0,background,,
train,A03_237d7254-c6f3-3a2b-b09a-72aa53e0e1f3,A03_237d7254-c6f3-3a2b-b09a-72aa53e0e1f3,10,0,background,,
train,A03_034452ab-4696-3e69-8329-2ddf88f474cd,A03_034452ab-4696-3e69-8329-2ddf88f474cd,10,0,background,,
train,A03_2c28329d-b1dc-354b-8a30-82963b526887,A03_2c28329d-b1dc-354b-8a30-82963b526887,10,0,background,,
train,A03_2c75219b-0d0e-36dd-83f0-00da4d113a86,A03_2c75219b-0d0e-36dd-83f0-00da4d113a86,10,0,background,,
train,A03_15b2df7d-98ed-3750-8242-9dc36b3bd88d,A03_15b2df7d-98ed-3750-8242-9dc36b3bd88d,13,6,target,"1,2","Bird,Insect"
train,A03_2bea9c3d-30a8-3f87-b9b0-7b0e33fc0948,A03_2bea9c3d-30a8-3f87-b9b0-7b0e33fc0948,10,0,background,,
train,A03_0433b9f3-e1c9-3182-9bba-e6d6191c81c1,A03_0433b9f3-e1c9-3182-9bba-e6d6191c81c1,10,0,background,,
train,A03_3cbe744e-c4fe-3cdc-bf25-3808b87aeb4a,A03_3cbe744e-c4fe-3cdc-bf25-3808b87aeb4a,10,0,background,,
train,A03_17d1e18e-b45b-3494-8a84-c249b76d2990,A03_17d1e18e-b45b-3494-8a84-c249b76d2990,10,0,background,,
train,A03_1eb17973-aaa3-3352-98ba-c42e56c9a5d0,A03_1eb17973-aaa3-3352-98ba-c42e56c9a5d0,10,0,background,,
train,A03_53b49fc1-c7d5-338a-b68f-c81875c6c0ec,A03_53b49fc1-c7d5-338a-b68f-c81875c6c0ec,10,0,background,,
train,A03_1230731f-fa80-3444-a31a-beb49df71214,A03_1230731f-fa80-3444-a31a-beb49df71214,10,0,background,,
train,A03_52a80802-24e9-3fce-92e6-9248a2a39e73,A03_52a80802-24e9-3fce-92e6-9248a2a39e73,10,0,background,,
train,A03_499e6d51-a3fb-3c91-9b31-99c6766ffcaf,A03_499e6d51-a3fb-3c91-9b31-99c6766ffcaf,10,0,background,,
